group,denominator,person_years_alive,infections,cases,hospitalizations,deaths,infections_per1000_py_alive,cases_per1000_py_alive,hospitalizations_per1000_py_alive,deaths_per1000_py_alive,scenario,boost_scenario,boost_recovery_curve,k_years,dose2_interval_years,is_no_revaccination,contact_scales_mode,elapsed_s,outcome_state_cache_used,outcome_state_cache_loaded,outcome_state_cache_elapsed_s,draw_row,posterior_draw_id,pre_posterior_draw_id,posterior_source_row,posterior_source_wave,posterior_source_task_id,posterior_source_sample_in_task
vaccinated_primary,887164.2059866134,887164.2059866134,158356.2909171292,62817.30113858043,1779.9755860108253,95.56021039068708,178.49715965605432,70.80684806114495,2.006365421417468,0.10771423119400401,older_adult_vax_main,none,no_revaccination,0,0,True,posterior,30.563559772912413,True,False,65.12740757409483,0,180,105875,180,0,1,80
vaccine_eligible,2423198.930361967,2423198.930361967,438344.7094330909,192502.6829787673,4792.796137208724,251.85135341230696,180.8950573313487,79.4415516476033,1.9778797675900248,0.1039334205114916,older_adult_vax_main,none,no_revaccination,0,0,True,posterior,30.563559772912413,True,False,65.12740757409483,0,180,105875,180,0,1,80
age_60plus,3340285.7141230516,3340285.7141230516,643848.4690852136,287470.7425903431,5006.1589868135,260.26984237687486,192.75251406278207,86.06172261698721,1.498721790668078,0.07791843711944423,older_adult_vax_main,none,no_revaccination,0,0,True,posterior,30.563559772912413,True,False,65.12740757409483,0,180,105875,180,0,1,80
all_ages,9998184.077695029,9998184.077695029,3079654.0674589965,1166744.9909701992,9049.382719649566,283.0417176790488,308.02134102825767,116.69569012767961,0.9051026315706523,0.028309312519109064,older_adult_vax_main,none,no_revaccination,0,0,True,posterior,30.563559772912413,True,False,65.12740757409483,0,180,105875,180,0,1,80
vaccinated_primary,887164.2335901975,887164.2335901975,158355.9619152235,62814.887846225945,1779.8975744679065,95.5560551828716,178.49678325554763,70.8041256262385,2.006277425392787,0.10770954414626599,older_adult_vax_main,scenario_a,scenario_a,1,1,False,posterior,100.32498531998135,True,False,65.12740757409483,0,180,105875,180,0,1,80
vaccine_eligible,2423198.9600500693,2423198.9600500693,438343.9295699175,192500.09926294402,4792.71409638434,251.8469839057815,180.89473328300713,79.44048443259751,1.9778458869449627,0.10393161604054903,older_adult_vax_main,scenario_a,scenario_a,1,1,False,posterior,100.32498531998135,True,False,65.12740757409483,0,180,105875,180,0,1,80
age_60plus,3340285.7434968576,3340285.7434968576,643847.4171384254,287467.9948174696,5006.076573858884,260.2654577108328,192.75219744056938,86.06089924406494,1.4986971050620819,0.07791712377228174,older_adult_vax_main,scenario_a,scenario_a,1,1,False,posterior,100.32498531998135,True,False,65.12740757409483,0,180,105875,180,0,1,80
all_ages,9998184.112837257,9998184.112837257,3079651.7739413246,1166741.851463773,9049.298252890123,283.0373189327828,308.021110552183,116.69537570984761,0.9050941801792984,0.02830887246508839,older_adult_vax_main,scenario_a,scenario_a,1,1,False,posterior,100.32498531998135,True,False,65.12740757409483,0,180,105875,180,0,1,80
vaccinated_primary,887181.2062646734,887181.2062646734,158150.61533289554,61174.58753982192,1726.6219271027003,92.71028742699306,178.26190885936595,68.9538812452838,1.946188574454085,0.10449983247203136,older_adult_vax_main,scenario_a,scenario_a,2,2,False,posterior,92.98205098393373,True,False,65.12740757409483,0,180,105875,180,0,1,80
vaccine_eligible,2423217.245498733,2423217.245498733,437838.10270186525,190755.82231724408,4736.745845800428,248.85757960163795,180.6846264053192,78.72006633808178,1.9547342916113726,0.10269718080948184,older_adult_vax_main,scenario_a,scenario_a,2,2,False,posterior,92.98205098393373,True,False,65.12740757409483,0,180,105875,180,0,1,80
age_60plus,3340303.7962731016,3340303.7962731016,643170.0926680649,285609.35475295986,4949.839240555938,257.2650353238763,192.5483823913481,85.50400567506003,1.4818530117166748,0.07701845431272338,older_adult_vax_main,scenario_a,scenario_a,2,2,False,posterior,92.98205098393373,True,False,65.12740757409483,0,180,105875,180,0,1,80
all_ages,9998205.310346436,9998205.310346436,3078194.972247838,1164636.5179590827,8991.77181689446,280.0280783601321,307.87475118783885,116.48455715886158,0.8993385850548109,0.02800783437307002,older_adult_vax_main,scenario_a,scenario_a,2,2,False,posterior,92.98205098393373,True,False,65.12740757409483,0,180,105875,180,0,1,80
vaccinated_primary,887181.7649725514,887181.7649725514,158122.99508818518,60938.74378778456,1718.7019450726339,92.27929794485547,178.2306640320514,68.68800306064671,1.937260224375564,0.10401397051675258,older_adult_vax_main,scenario_a,scenario_a,3,3,False,posterior,85.2255485439673,True,False,65.12740757409483,0,180,105875,180,0,1,80
vaccine_eligible,2423217.969925635,2423217.969925635,437748.1706140534,190502.75799392225,4728.211392873198,248.39344762315588,180.64745971964183,78.61560963901589,1.95121175707454,0.10250561472634619,older_adult_vax_main,scenario_a,scenario_a,3,3,False,posterior,85.2255485439673,True,False,65.12740757409483,0,180,105875,180,0,1,80
age_60plus,3340304.448152354,3340304.448152354,643054.5328155643,285332.7508175063,4941.24225138341,256.7983063286955,192.51374920967507,85.42118098706075,1.4792790082702174,0.07687871279839183,older_adult_vax_main,scenario_a,scenario_a,3,3,False,posterior,85.2255485439673,True,False,65.12740757409483,0,180,105875,180,0,1,80
all_ages,9998205.730071131,9998205.730071131,3077985.3777730647,1164331.0021476413,8982.98745980341,279.5601507307774,307.85377505441335,116.4539952049334,0.8984599539481071,0.02796103203697415,older_adult_vax_main,scenario_a,scenario_a,3,3,False,posterior,85.2255485439673,True,False,65.12740757409483,0,180,105875,180,0,1,80
vaccinated_primary,887178.4637006888,887178.4637006888,158150.6288399082,61042.366384955734,1721.7111535999188,92.43230763229549,178.26247515095696,68.80505882698012,1.9406593194543325,0.10418682532794189,older_adult_vax_main,scenario_a,scenario_a,4,4,False,posterior,77.2351357259322,True,False,65.12740757409483,0,180,105875,180,0,1,80
vaccine_eligible,2423214.4677918134,2423214.4677918134,437799.38281015,190620.90039803975,4731.404093279049,248.5559016077995,180.66885479150366,78.6644776728102,1.9525321246495382,0.10257280356793982,older_adult_vax_main,scenario_a,scenario_a,4,4,False,posterior,77.2351357259322,True,False,65.12740757409483,0,180,105875,180,0,1,80
age_60plus,3340300.9501649505,3340300.9501649505,643129.2736519765,285458.31213187205,4944.444907809757,256.9611329080472,192.53632629126352,85.45886026161072,1.4802393501596287,0.07692753938693996,older_adult_vax_main,scenario_a,scenario_a,4,4,False,posterior,77.2351357259322,True,False,65.12740757409483,0,180,105875,180,0,1,80
all_ages,9998201.338885166,9998201.338885166,3078177.9951697644,1164493.590968369,8986.400180818975,279.72439104556605,307.8731754678779,116.47030815826861,0.8988016820454418,0.02797747130352911,older_adult_vax_main,scenario_a,scenario_a,4,4,False,posterior,77.2351357259322,True,False,65.12740757409483,0,180,105875,180,0,1,80
vaccinated_primary,887176.1368811026,887176.1368811026,158149.73725226874,61041.19052154668,1721.3376865219882,92.40486423103025,178.26193771199647,68.80391388359367,1.9402434476804218,0.10415616515101798,older_adult_vax_main,scenario_a,scenario_a,5,5,False,posterior,69.29864602885209,True,False,65.12740757409483,0,180,105875,180,0,1,80
vaccine_eligible,2423212.0358871818,2423212.0358871818,437770.7150060965,190610.56801337097,4730.656897531038,248.50815095545698,180.65720561090757,78.66029269848232,1.952225734880464,0.10255320098906395,older_adult_vax_main,scenario_a,scenario_a,5,5,False,posterior,69.29864602885209,True,False,65.12740757409483,0,180,105875,180,0,1,80
age_60plus,3340298.510173013,3340298.510173013,643094.1987775504,285441.10637922684,4943.675675359718,256.9124575458313,192.525966412577,85.45377172426493,1.4800101428969765,0.07691302342092902,older_adult_vax_main,scenario_a,scenario_a,5,5,False,posterior,69.29864602885209,True,False,65.12740757409483,0,180,105875,180,0,1,80
all_ages,9998198.306355793,9998198.306355793,3078088.460860921,1164456.6598031672,8985.500393712871,279.6750457973137,307.86431380383794,116.46664970256984,0.8987119597338696,0.027972544375272693,older_adult_vax_main,scenario_a,scenario_a,5,5,False,posterior,69.29864602885209,True,False,65.12740757409483,0,180,105875,180,0,1,80
vaccinated_primary,887164.2335901975,887164.2335901975,158355.9619152235,62814.887846225945,1779.8975744679065,95.5560551828716,178.49678325554763,70.8041256262385,2.006277425392787,0.10770954414626599,older_adult_vax_main,scenario_b,scenario_b,1,1,False,posterior,100.07384203211404,True,False,65.12740757409483,0,180,105875,180,0,1,80
vaccine_eligible,2423198.9600500693,2423198.9600500693,438343.9295699175,192500.09926294402,4792.71409638434,251.8469839057815,180.89473328300713,79.44048443259751,1.9778458869449627,0.10393161604054903,older_adult_vax_main,scenario_b,scenario_b,1,1,False,posterior,100.07384203211404,True,False,65.12740757409483,0,180,105875,180,0,1,80
age_60plus,3340285.7434968576,3340285.7434968576,643847.4171384254,287467.9948174696,5006.076573858884,260.2654577108328,192.75219744056938,86.06089924406494,1.4986971050620819,0.07791712377228174,older_adult_vax_main,scenario_b,scenario_b,1,1,False,posterior,100.07384203211404,True,False,65.12740757409483,0,180,105875,180,0,1,80
all_ages,9998184.112837257,9998184.112837257,3079651.7739413246,1166741.851463773,9049.298252890123,283.0373189327828,308.021110552183,116.69537570984761,0.9050941801792984,0.02830887246508839,older_adult_vax_main,scenario_b,scenario_b,1,1,False,posterior,100.07384203211404,True,False,65.12740757409483,0,180,105875,180,0,1,80
vaccinated_primary,887181.2062646734,887181.2062646734,158150.61533289554,61174.58753982192,1726.6219271027003,92.71028742699306,178.26190885936595,68.9538812452838,1.946188574454085,0.10449983247203136,older_adult_vax_main,scenario_b,scenario_b,2,2,False,posterior,93.12778698303737,True,False,65.12740757409483,0,180,105875,180,0,1,80
vaccine_eligible,2423217.245498733,2423217.245498733,437838.10270186525,190755.82231724408,4736.745845800428,248.85757960163795,180.6846264053192,78.72006633808178,1.9547342916113726,0.10269718080948184,older_adult_vax_main,scenario_b,scenario_b,2,2,False,posterior,93.12778698303737,True,False,65.12740757409483,0,180,105875,180,0,1,80
age_60plus,3340303.7962731016,3340303.7962731016,643170.0926680649,285609.35475295986,4949.839240555938,257.2650353238763,192.5483823913481,85.50400567506003,1.4818530117166748,0.07701845431272338,older_adult_vax_main,scenario_b,scenario_b,2,2,False,posterior,93.12778698303737,True,False,65.12740757409483,0,180,105875,180,0,1,80
all_ages,9998205.310346436,9998205.310346436,3078194.972247838,1164636.5179590827,8991.77181689446,280.0280783601321,307.87475118783885,116.48455715886158,0.8993385850548109,0.02800783437307002,older_adult_vax_main,scenario_b,scenario_b,2,2,False,posterior,93.12778698303737,True,False,65.12740757409483,0,180,105875,180,0,1,80
vaccinated_primary,887181.7781454403,887181.7781454403,158122.8183233378,60937.321726511735,1718.6555385044483,92.27681285827464,178.2304621425801,68.68639914347065,1.9372078877646879,0.104011167870433,older_adult_vax_main,scenario_b,scenario_b,3,3,False,posterior,84.86031353799626,True,False,65.12740757409483,0,180,105875,180,0,1,80
vaccine_eligible,2423217.9842239707,2423217.9842239707,437747.7176732455,190501.24385152396,4728.162467731028,248.3908279122909,180.64727173665025,78.61498432735159,1.9511915554081736,0.10250453303392654,older_adult_vax_main,scenario_b,scenario_b,3,3,False,posterior,84.86031353799626,True,False,65.12740757409483,0,180,105875,180,0,1,80
age_60plus,3340304.4622125654,3340304.4622125654,643053.9299343928,285331.1315811362,4941.193073314396,256.79567623340154,192.5135679124423,85.42069587038102,1.4792642794128494,0.07687792509288333,older_adult_vax_main,scenario_b,scenario_b,3,3,False,posterior,84.86031353799626,True,False,65.12740757409483,0,180,105875,180,0,1,80
all_ages,9998205.746304587,9998205.746304587,3077984.103896032,1164329.1707375154,8982.937148840772,279.557512969686,307.8536471440067,116.45381184197579,0.8984549204902025,0.027960768168129826,older_adult_vax_main,scenario_b,scenario_b,3,3,False,posterior,84.86031353799626,True,False,65.12740757409483,0,180,105875,180,0,1,80
vaccinated_primary,887196.4112873151,887196.4112873151,157882.17295153107,58748.80252814881,1646.3558850343195,88.38599526714765,177.95627996561132,66.2184853102649,1.8556836615755354,0.09962393235890153,older_adult_vax_main,scenario_b,scenario_b,4,4,False,posterior,76.80199614097364,True,False,65.12740757409483,0,180,105875,180,0,1,80
vaccine_eligible,2423234.076601769,2423234.076601769,437082.2606732142,188185.6331085552,4651.894837091128,244.28707840347602,180.37145684504327,77.65887535407145,1.9197051089735124,0.10081035124186306,older_adult_vax_main,scenario_b,scenario_b,4,4,False,posterior,76.80199614097364,True,False,65.12740757409483,0,180,105875,180,0,1,80
age_60plus,3340320.1507165963,3340320.1507165963,642182.767616392,282851.1245771991,4864.511476349325,252.674848828706,192.25186169015117,84.67784877342349,1.4563009702245893,0.07564390161059857,older_adult_vax_main,scenario_b,scenario_b,4,4,False,posterior,76.80199614097364,True,False,65.12740757409483,0,180,105875,180,0,1,80
all_ages,9998223.040687626,9998223.040687626,3076204.5789365997,1161560.1671919979,8904.739362635915,275.426485853021,307.67513051249495,116.17666083913564,0.8906321979814018,0.02754754367172815,older_adult_vax_main,scenario_b,scenario_b,4,4,False,posterior,76.80199614097364,True,False,65.12740757409483,0,180,105875,180,0,1,80
vaccinated_primary,887190.8927057852,887190.8927057852,157885.9254649405,58771.5560142443,1646.3267429746593,88.36779081338969,177.9616165619268,66.24454387150075,1.8556623568955217,0.09960403284109756,older_adult_vax_main,scenario_b,scenario_b,5,5,False,posterior,69.13964339205995,True,False,65.12740757409483,0,180,105875,180,0,1,80
vaccine_eligible,2423228.283620493,2423228.283620493,437034.26634754316,188192.0192842993,4651.129251444684,244.22878173336323,180.35208209710217,77.66169640572438,1.91939376198413,0.10078653479913427,older_adult_vax_main,scenario_b,scenario_b,5,5,False,posterior,69.13964339205995,True,False,65.12740757409483,0,180,105875,180,0,1,80
age_60plus,3340314.352042088,3340314.352042088,642126.7233327276,282845.82364362077,4863.7051160424,252.6148331805318,192.2354172864497,84.67640881484826,1.456062095793168,0.07562606585996817,older_adult_vax_main,scenario_b,scenario_b,5,5,False,posterior,69.13964339205995,True,False,65.12740757409483,0,180,105875,180,0,1,80
all_ages,9998215.882921493,9998215.882921493,3076067.337830985,1161524.4058740013,8903.720330174749,275.3654508378935,307.6616242189155,116.17316724057395,0.8905309141587637,0.027541458802491002,older_adult_vax_main,scenario_b,scenario_b,5,5,False,posterior,69.13964339205995,True,False,65.12740757409483,0,180,105875,180,0,1,80
vaccinated_primary,887164.2335901975,887164.2335901975,158355.9619152235,62814.887846225945,1779.8975744679065,95.5560551828716,178.49678325554763,70.8041256262385,2.006277425392787,0.10770954414626599,older_adult_vax_main,scenario_c,scenario_c,1,1,False,posterior,99.96137887006626,True,False,65.12740757409483,0,180,105875,180,0,1,80
vaccine_eligible,2423198.9600500693,2423198.9600500693,438343.9295699175,192500.09926294402,4792.71409638434,251.8469839057815,180.89473328300713,79.44048443259751,1.9778458869449627,0.10393161604054903,older_adult_vax_main,scenario_c,scenario_c,1,1,False,posterior,99.96137887006626,True,False,65.12740757409483,0,180,105875,180,0,1,80
age_60plus,3340285.7434968576,3340285.7434968576,643847.4171384254,287467.9948174696,5006.076573858884,260.2654577108328,192.75219744056938,86.06089924406494,1.4986971050620819,0.07791712377228174,older_adult_vax_main,scenario_c,scenario_c,1,1,False,posterior,99.96137887006626,True,False,65.12740757409483,0,180,105875,180,0,1,80
all_ages,9998184.112837257,9998184.112837257,3079651.7739413246,1166741.851463773,9049.298252890123,283.0373189327828,308.021110552183,116.69537570984761,0.9050941801792984,0.02830887246508839,older_adult_vax_main,scenario_c,scenario_c,1,1,False,posterior,99.96137887006626,True,False,65.12740757409483,0,180,105875,180,0,1,80
vaccinated_primary,887181.2062646734,887181.2062646734,158150.61533289554,61174.58753982192,1726.6219271027003,92.71028742699306,178.26190885936595,68.9538812452838,1.946188574454085,0.10449983247203136,older_adult_vax_main,scenario_c,scenario_c,2,2,False,posterior,92.8154490608722,True,False,65.12740757409483,0,180,105875,180,0,1,80
vaccine_eligible,2423217.245498733,2423217.245498733,437838.10270186525,190755.82231724408,4736.745845800428,248.85757960163795,180.6846264053192,78.72006633808178,1.9547342916113726,0.10269718080948184,older_adult_vax_main,scenario_c,scenario_c,2,2,False,posterior,92.8154490608722,True,False,65.12740757409483,0,180,105875,180,0,1,80
age_60plus,3340303.7962731016,3340303.7962731016,643170.0926680649,285609.35475295986,4949.839240555938,257.2650353238763,192.5483823913481,85.50400567506003,1.4818530117166748,0.07701845431272338,older_adult_vax_main,scenario_c,scenario_c,2,2,False,posterior,92.8154490608722,True,False,65.12740757409483,0,180,105875,180,0,1,80
all_ages,9998205.310346436,9998205.310346436,3078194.972247838,1164636.5179590827,8991.77181689446,280.0280783601321,307.87475118783885,116.48455715886158,0.8993385850548109,0.02800783437307002,older_adult_vax_main,scenario_c,scenario_c,2,2,False,posterior,92.8154490608722,True,False,65.12740757409483,0,180,105875,180,0,1,80
vaccinated_primary,887181.7812084234,887181.7812084234,158122.77722126376,60936.99106328936,1718.6447478631185,92.27623501595856,178.23041519843426,68.68602619441481,1.9371957182463395,0.10401051618786605,older_adult_vax_main,scenario_c,scenario_c,3,3,False,posterior,85.30281595885754,True,False,65.12740757409483,0,180,105875,180,0,1,80
vaccine_eligible,2423217.987548648,2423217.987548648,437747.61235340143,190500.8917771993,4728.151091458405,248.3902187664704,180.64722802599834,78.61483892743465,1.9511868580347784,0.10250428151441071,older_adult_vax_main,scenario_c,scenario_c,3,3,False,posterior,85.30281595885754,True,False,65.12740757409483,0,180,105875,180,0,1,80
age_60plus,3340304.4654818717,3340304.4654818717,643053.7897497308,285330.75506982964,4941.181638229889,256.79506467293885,192.51352575639058,85.42058306911488,1.4792608545990957,0.07687774193239406,older_adult_vax_main,scenario_c,scenario_c,3,3,False,posterior,85.30281595885754,True,False,65.12740757409483,0,180,105875,180,0,1,80
all_ages,9998205.750079216,9998205.750079216,3077983.807686984,1164328.7448900763,8982.925450328612,279.5568996267275,307.85361740156196,116.45376920562485,0.8984537500898538,0.027960706812271047,older_adult_vax_main,scenario_c,scenario_c,3,3,False,posterior,85.30281595885754,True,False,65.12740757409483,0,180,105875,180,0,1,80
vaccinated_primary,887201.3974117785,887201.3974117785,157805.46144321244,58097.5478627274,1624.9403459512955,87.2358145877383,177.86881524710887,65.48405810925755,1.831534926220488,0.09832695805285052,older_adult_vax_main,scenario_c,scenario_c,4,4,False,posterior,76.89052577293478,True,False,65.12740757409483,0,180,105875,180,0,1,80
vaccine_eligible,2423239.5349637615,2423239.5349637615,436876.16850708774,187493.41431574387,4629.276301277723,243.07246079971264,180.28600235495128,77.37304200038473,1.9103667774003001,0.10030888704667311,older_adult_vax_main,scenario_c,scenario_c,4,4,False,posterior,76.89052577293478,True,False,65.12740757409483,0,180,105875,180,0,1,80
age_60plus,3340325.489506166,3340325.489506166,641910.6654164251,282109.4872935622,4841.770884944806,251.4552071100901,192.17009463090534,84.4556879800565,1.4494907457837631,0.07527865410124007,older_adult_vax_main,scenario_c,scenario_c,4,4,False,posterior,76.89052577293478,True,False,65.12740757409483,0,180,105875,180,0,1,80
all_ages,9998229.063290115,9998229.063290115,3075631.861966215,1160722.6831277763,8881.491802734568,274.203454133442,307.6176633378829,116.0928276177959,0.8883064937313947,0.02742520224308703,older_adult_vax_main,scenario_c,scenario_c,4,4,False,posterior,76.89052577293478,True,False,65.12740757409483,0,180,105875,180,0,1,80
vaccinated_primary,887224.5573876993,887224.5573876993,156820.04103536234,53109.48624347194,1459.33396470427,78.28402639885809,176.75349462496354,59.860252741250676,1.64483044630895,0.0882347380344766,older_adult_vax_main,scenario_c,scenario_c,5,5,False,posterior,35.38503978704102,True,False,65.12740757409483,0,180,105875,180,0,1,80
vaccine_eligible,2423265.079819124,2423265.079819124,434649.87929329387,182091.61082754668,4451.29479265667,233.4574114440872,179.3653871848542,75.14308374432493,1.8368996564704843,0.09634002214133039,older_adult_vax_main,scenario_c,scenario_c,5,5,False,posterior,35.38503978704102,True,False,65.12740757409483,0,180,105875,180,0,1,80
age_60plus,3340350.905099806,3340350.905099806,639074.9318555968,276264.58060055727,4662.678634653112,241.7943984063137,191.31969963991014,82.70525715689826,1.3958649157292042,0.07238592748958186,older_adult_vax_main,scenario_c,scenario_c,5,5,False,posterior,35.38503978704102,True,False,65.12740757409483,0,180,105875,180,0,1,80
all_ages,9998256.24819509,9998256.24819509,3069796.6756587927,1153905.090875108,8697.133641877344,264.508891418925,307.03320653668584,115.41063383761681,0.8698650470623187,0.02645550232488538,older_adult_vax_main,scenario_c,scenario_c,5,5,False,posterior,35.38503978704102,True,False,65.12740757409483,0,180,105875,180,0,1,80
vaccinated_primary,886557.1110332147,886557.1110332147,269144.06300835265,72610.34726012031,1599.6898823230695,85.30877429953146,303.58344618620873,81.9014887551897,1.8043844693307494,0.0962247927830736,older_adult_vax_main,none,no_revaccination,0,0,True,posterior,30.58562802290544,True,False,65.69999506697059,1,354,84238,354,0,3,54
vaccine_eligible,2421885.6140817152,2421885.6140817152,747467.29880679,224895.31699873094,4447.499237700378,231.24650075373444,308.63030626250304,92.85959489214048,1.8363787339257545,0.09548200765931471,older_adult_vax_main,none,no_revaccination,0,0,True,posterior,30.58562802290544,True,False,65.69999506697059,1,354,84238,354,0,3,54
age_60plus,3340459.9022742,3340459.9022742,1099048.9627965868,336568.2675002177,4690.189363506142,240.81556262541557,329.0112723844849,100.75506886673912,1.4040549806668956,0.07209054132380611,older_adult_vax_main,none,no_revaccination,0,0,True,posterior,30.58562802290544,True,False,65.69999506697059,1,354,84238,354,0,3,54
all_ages,9998277.561292276,9998277.561292276,5168946.35469413,1785077.0251914945,11269.406512897047,281.29562335829996,516.9836827400543,178.53845467366418,1.1271347933493936,0.028134408315220103,older_adult_vax_main,none,no_revaccination,0,0,True,posterior,30.58562802290544,True,False,65.69999506697059,1,354,84238,354,0,3,54
vaccinated_primary,886557.1350312501,886557.1350312501,269143.73619921156,72607.65728964456,1599.6210001680479,85.30513475213168,303.5830693412947,81.89845236210887,1.8043067242492647,0.09622068491854704,older_adult_vax_main,scenario_a,scenario_a,1,1,False,posterior,99.77029230003245,True,False,65.69999506697059,1,354,84238,354,0,3,54
vaccine_eligible,2421885.6393276476,2421885.6393276476,747466.5131577647,224892.52447725198,4447.427973034997,231.24273494528776,308.62997864972385,92.85844088810303,1.836349289502237,0.09548045175637784,older_adult_vax_main,scenario_a,scenario_a,1,1,False,posterior,99.77029230003245,True,False,65.69999506697059,1,354,84238,354,0,3,54
age_60plus,3340459.927299647,3340459.927299647,1099047.9194915318,336565.349844025,4690.117788665875,240.81178410246483,329.0109575958834,100.75419468243611,1.4040335435058673,0.07208940964519568,older_adult_vax_main,scenario_a,scenario_a,1,1,False,posterior,99.77029230003245,True,False,65.69999506697059,1,354,84238,354,0,3,54
all_ages,9998277.59111542,9998277.59111542,5168944.346067175,1785073.8112419243,11269.333339045996,281.29183126020905,516.9834803006826,178.53813269079072,1.1271274713416688,0.028134028956164216,older_adult_vax_main,scenario_a,scenario_a,1,1,False,posterior,99.77029230003245,True,False,65.69999506697059,1,354,84238,354,0,3,54
vaccinated_primary,886573.0181360049,886573.0181360049,268917.962794775,70661.02852889017,1549.7596477422946,82.66252377245192,303.32297204371,79.70130726226364,1.748033851741418,0.09323825796802115,older_adult_vax_main,scenario_a,scenario_a,2,2,False,posterior,92.74256380600855,True,False,65.69999506697059,1,354,84238,354,0,3,54
vaccine_eligible,2421902.4071249957,2421902.4071249957,746905.11809425,222879.43697044573,4395.832835649517,228.50787368156202,308.39604267163264,92.02659707292773,1.8150330181420251,0.09435057044797289,older_adult_vax_main,scenario_a,scenario_a,2,2,False,posterior,92.74256380600855,True,False,65.69999506697059,1,354,84238,354,0,3,54
age_60plus,3340476.501635195,3340476.501635195,1098307.6330657736,334455.2225296731,4638.276506209778,238.06678877453953,328.78771412645517,100.12201024792542,1.3885074491436469,0.07126731430620858,older_adult_vax_main,scenario_a,scenario_a,2,2,False,posterior,92.74256380600855,True,False,65.69999506697059,1,354,84238,354,0,3,54
all_ages,9998297.0391649,9998297.0391649,5167562.128881255,1782768.201129674,11216.41773042786,278.53771388328516,516.8442294361832,178.3071851282564,1.1218328167778362,0.027858515584424943,older_adult_vax_main,scenario_a,scenario_a,2,2,False,posterior,92.74256380600855,True,False,65.69999506697059,1,354,84238,354,0,3,54
vaccinated_primary,886572.2641310082,886572.2641310082,268912.53775019775,70525.3173904517,1546.2222634472073,82.46616980889398,303.31711088861755,79.54830107343649,1.7440453824288857,0.09301686184568933,older_adult_vax_main,scenario_a,scenario_a,3,3,False,posterior,85.53517571697012,True,False,65.69999506697059,1,354,84238,354,0,3,54
vaccine_eligible,2421901.685403076,2421901.685403076,746869.9288693792,222745.32860106326,4392.141540227258,228.3029700183556,308.38160498867563,91.97125132847489,1.8135094280246455,0.09426599411295229,older_adult_vax_main,scenario_a,scenario_a,3,3,False,posterior,85.53517571697012,True,False,65.69999506697059,1,354,84238,354,0,3,54
age_60plus,3340475.732037153,3340475.732037153,1098266.7878929875,334308.25687097525,4634.547465509926,237.86029422300442,328.77556252241396,100.07803788686738,1.3873914487873251,0.07120551481388787,older_adult_vax_main,scenario_a,scenario_a,3,3,False,posterior,85.53517571697012,True,False,65.69999506697059,1,354,84238,354,0,3,54
all_ages,9998295.815650383,9998295.815650383,5167517.636845574,1782620.7628212143,11212.670935138452,278.3311130581882,516.8398427216798,178.29246060422307,1.1214582106669821,0.027837855389567,older_adult_vax_main,scenario_a,scenario_a,3,3,False,posterior,85.53517571697012,True,False,65.69999506697059,1,354,84238,354,0,3,54
vaccinated_primary,886570.0211886471,886570.0211886471,268924.1642985127,70550.79343329463,1546.7531358340082,82.48580452980289,303.33099233150153,79.57723783475711,1.7446485882302185,0.09303924400603131,older_adult_vax_main,scenario_a,scenario_a,4,4,False,posterior,77.07105240807869,True,False,65.69999506697059,1,354,84238,354,0,3,54
vaccine_eligible,2421899.3823250453,2421899.3823250453,746877.2853863531,222775.26322743765,4392.637107565459,228.3204160279899,308.3849357397103,91.98369876686264,1.8137157718536132,0.09427328719527574,older_adult_vax_main,scenario_a,scenario_a,4,4,False,posterior,77.07105240807869,True,False,65.69999506697059,1,354,84238,354,0,3,54
age_60plus,3340473.408647241,3340473.408647241,1098281.803858077,334334.8094272581,4635.030163232388,237.87718196006432,328.7802863555311,100.08605623436182,1.3875369135506428,0.07121061983139543,older_adult_vax_main,scenario_a,scenario_a,4,4,False,posterior,77.07105240807869,True,False,65.69999506697059,1,354,84238,354,0,3,54
all_ages,9998292.848871399,9998292.848871399,5167563.818346389,1782656.3998124853,11213.19563957289,278.348440947618,516.8446150214234,178.29607781629545,1.1215110228381266,0.027839596734660334,older_adult_vax_main,scenario_a,scenario_a,4,4,False,posterior,77.07105240807869,True,False,65.69999506697059,1,354,84238,354,0,3,54
vaccinated_primary,886567.4489466005,886567.4489466005,268938.97176930495,70622.88068183255,1548.4405161839154,82.56801290311125,303.34857442471207,79.65877922288381,1.7465569235862852,0.09313224053197161,older_adult_vax_main,scenario_a,scenario_a,5,5,False,posterior,69.32884433399886,True,False,65.69999506697059,1,354,84238,354,0,3,54
vaccine_eligible,2421896.705201048,2421896.705201048,746894.7561446379,222850.62868615685,4394.309745085547,228.4015939243518,308.3924902910491,92.01491880623267,1.8144084079427176,0.09430690971826215,older_adult_vax_main,scenario_a,scenario_a,5,5,False,posterior,69.32884433399886,True,False,65.69999506697059,1,354,84238,354,0,3,54
age_60plus,3340470.7364253527,3340470.7364253527,1098309.6341250364,334411.03191138484,4636.7018124215665,237.95830059583437,328.7888806055941,100.10895418567235,1.3880384467559546,0.07123496039078439,older_adult_vax_main,scenario_a,scenario_a,5,5,False,posterior,69.32884433399886,True,False,65.69999506697059,1,354,84238,354,0,3,54
all_ages,9998289.592639774,9998289.592639774,5167627.231019885,1782742.724337687,11214.918538560562,278.43008285682276,516.8511256989422,178.30476981283383,1.121683707462965,0.02784777138899724,older_adult_vax_main,scenario_a,scenario_a,5,5,False,posterior,69.32884433399886,True,False,65.69999506697059,1,354,84238,354,0,3,54
vaccinated_primary,886557.1350312501,886557.1350312501,269143.73619921156,72607.65728964456,1599.6210001680479,85.30513475213168,303.5830693412947,81.89845236210887,1.8043067242492647,0.09622068491854704,older_adult_vax_main,scenario_b,scenario_b,1,1,False,posterior,100.17563566798344,True,False,65.69999506697059,1,354,84238,354,0,3,54
vaccine_eligible,2421885.6393276476,2421885.6393276476,747466.5131577647,224892.52447725198,4447.427973034997,231.24273494528776,308.62997864972385,92.85844088810303,1.836349289502237,0.09548045175637784,older_adult_vax_main,scenario_b,scenario_b,1,1,False,posterior,100.17563566798344,True,False,65.69999506697059,1,354,84238,354,0,3,54
age_60plus,3340459.927299647,3340459.927299647,1099047.9194915318,336565.349844025,4690.117788665875,240.81178410246483,329.0109575958834,100.75419468243611,1.4040335435058673,0.07208940964519568,older_adult_vax_main,scenario_b,scenario_b,1,1,False,posterior,100.17563566798344,True,False,65.69999506697059,1,354,84238,354,0,3,54
all_ages,9998277.59111542,9998277.59111542,5168944.346067175,1785073.8112419243,11269.333339045996,281.29183126020905,516.9834803006826,178.53813269079072,1.1271274713416688,0.028134028956164216,older_adult_vax_main,scenario_b,scenario_b,1,1,False,posterior,100.17563566798344,True,False,65.69999506697059,1,354,84238,354,0,3,54
vaccinated_primary,886573.0181360049,886573.0181360049,268917.962794775,70661.02852889017,1549.7596477422946,82.66252377245192,303.32297204371,79.70130726226364,1.748033851741418,0.09323825796802115,older_adult_vax_main,scenario_b,scenario_b,2,2,False,posterior,92.83366237604059,True,False,65.69999506697059,1,354,84238,354,0,3,54
vaccine_eligible,2421902.4071249957,2421902.4071249957,746905.11809425,222879.43697044573,4395.832835649517,228.50787368156202,308.39604267163264,92.02659707292773,1.8150330181420251,0.09435057044797289,older_adult_vax_main,scenario_b,scenario_b,2,2,False,posterior,92.83366237604059,True,False,65.69999506697059,1,354,84238,354,0,3,54
age_60plus,3340476.501635195,3340476.501635195,1098307.6330657736,334455.2225296731,4638.276506209778,238.06678877453953,328.78771412645517,100.12201024792542,1.3885074491436469,0.07126731430620858,older_adult_vax_main,scenario_b,scenario_b,2,2,False,posterior,92.83366237604059,True,False,65.69999506697059,1,354,84238,354,0,3,54
all_ages,9998297.0391649,9998297.0391649,5167562.128881255,1782768.201129674,11216.41773042786,278.53771388328516,516.8442294361832,178.3071851282564,1.1218328167778362,0.027858515584424943,older_adult_vax_main,scenario_b,scenario_b,2,2,False,posterior,92.83366237604059,True,False,65.69999506697059,1,354,84238,354,0,3,54
vaccinated_primary,886572.2755721632,886572.2755721632,268912.36121999,70523.72924439897,1546.1815254374355,82.46400365753816,303.31690785891453,79.54650871400798,1.7439994099066354,0.09301441735736517,older_adult_vax_main,scenario_b,scenario_b,3,3,False,posterior,85.04953994206153,True,False,65.69999506697059,1,354,84238,354,0,3,54
vaccine_eligible,2421901.6975476886,2421901.6975476886,746869.4723272724,222743.6908906221,4392.099354468033,228.30072656078235,308.38141493666717,91.97057465881566,1.813492000486758,0.09426506731959833,older_adult_vax_main,scenario_b,scenario_b,3,3,False,posterior,85.04953994206153,True,False,65.69999506697059,1,354,84238,354,0,3,54
age_60plus,3340475.74399191,3340475.74399191,1098266.1900806096,334306.5348523956,4634.505061790185,237.85804176329466,328.7753823855544,100.07752202771427,1.3873787499058126,0.07120484026597101,older_adult_vax_main,scenario_b,scenario_b,3,3,False,posterior,85.04953994206153,True,False,65.69999506697059,1,354,84238,354,0,3,54
all_ages,9998295.82942276,9998295.82942276,5167516.536499429,1782618.8874333415,11212.62768169943,278.32885345453747,516.8397319563777,178.29227278787755,1.1214538830410639,0.02783762935234198,older_adult_vax_main,scenario_b,scenario_b,3,3,False,posterior,85.04953994206153,True,False,65.69999506697059,1,354,84238,354,0,3,54
vaccinated_primary,886586.2076602475,886586.2076602475,268640.6225370273,67900.45355106436,1478.5834146103912,78.84943101588061,303.00564143219134,76.58640859105806,1.6677266145527558,0.08893600005798516,older_adult_vax_main,scenario_b,scenario_b,4,4,False,posterior,76.79889376997016,True,False,65.69999506697059,1,354,84238,354,0,3,54
vaccine_eligible,2421916.67815814,2421916.67815814,746112.2006609836,220046.40089545635,4321.95483119474,224.5494917657163,308.06683293018966,90.85630520650321,1.7845183817312713,0.09271561395600343,older_adult_vax_main,scenario_b,scenario_b,4,4,False,posterior,76.79889376997016,True,False,65.69999506697059,1,354,84238,354,0,3,54
age_60plus,3340490.3516420405,3340490.3516420405,1097286.9937638124,331458.44920538017,4563.960934395642,234.09024209550415,328.48081516668157,99.22448931560288,1.3662547871608717,0.07007661075280026,older_adult_vax_main,scenario_b,scenario_b,4,4,False,posterior,76.79889376997016,True,False,65.69999506697059,1,354,84238,354,0,3,54
all_ages,9998311.982910067,9998311.982910067,5165740.806120874,1779525.152161715,11140.71282313591,274.54980006316396,516.6612939214721,177.9825589762977,1.1142593711997113,0.02745961523629658,older_adult_vax_main,scenario_b,scenario_b,4,4,False,posterior,76.79889376997016,True,False,65.69999506697059,1,354,84238,354,0,3,54
vaccinated_primary,886580.3555181758,886580.3555181758,268673.8152251442,68060.66954866175,1482.3163000105098,79.0308300540268,303.0450805196486,76.76762644812115,1.6719480538728462,0.08914119240532462,older_adult_vax_main,scenario_b,scenario_b,5,5,False,posterior,69.4030938539654,True,False,65.69999506697059,1,354,84238,354,0,3,54
vaccine_eligible,2421910.5796627086,2421910.5796627086,746150.4480659825,220213.60206730186,4325.644859247803,224.72805146113254,308.08340090322264,90.92557087634931,1.7860464773436107,0.09278957420980821,older_adult_vax_main,scenario_b,scenario_b,5,5,False,posterior,69.4030938539654,True,False,65.69999506697059,1,354,84238,354,0,3,54
age_60plus,3340484.2700279113,3340484.2700279113,1097348.4752285979,331627.6487940331,4567.648849762771,234.26867315708296,328.49981814745354,99.27532117708856,1.367361280741671,0.07013015306164742,older_adult_vax_main,scenario_b,scenario_b,5,5,False,posterior,69.4030938539654,True,False,65.69999506697059,1,354,84238,354,0,3,54
all_ages,9998304.59022921,9998304.59022921,5165883.917090919,1779717.6894191725,11144.518324086639,274.7294236537923,516.6759894611785,178.00194756602957,1.1146408097006326,0.02747760094469118,older_adult_vax_main,scenario_b,scenario_b,5,5,False,posterior,69.4030938539654,True,False,65.69999506697059,1,354,84238,354,0,3,54
vaccinated_primary,886557.1350312501,886557.1350312501,269143.73619921156,72607.65728964456,1599.6210001680479,85.30513475213168,303.5830693412947,81.89845236210887,1.8043067242492647,0.09622068491854704,older_adult_vax_main,scenario_c,scenario_c,1,1,False,posterior,99.86769537092187,True,False,65.69999506697059,1,354,84238,354,0,3,54
vaccine_eligible,2421885.6393276476,2421885.6393276476,747466.5131577647,224892.52447725198,4447.427973034997,231.24273494528776,308.62997864972385,92.85844088810303,1.836349289502237,0.09548045175637784,older_adult_vax_main,scenario_c,scenario_c,1,1,False,posterior,99.86769537092187,True,False,65.69999506697059,1,354,84238,354,0,3,54
age_60plus,3340459.927299647,3340459.927299647,1099047.9194915318,336565.349844025,4690.117788665875,240.81178410246483,329.0109575958834,100.75419468243611,1.4040335435058673,0.07208940964519568,older_adult_vax_main,scenario_c,scenario_c,1,1,False,posterior,99.86769537092187,True,False,65.69999506697059,1,354,84238,354,0,3,54
all_ages,9998277.59111542,9998277.59111542,5168944.346067175,1785073.8112419243,11269.333339045996,281.29183126020905,516.9834803006826,178.53813269079072,1.1271274713416688,0.028134028956164216,older_adult_vax_main,scenario_c,scenario_c,1,1,False,posterior,99.86769537092187,True,False,65.69999506697059,1,354,84238,354,0,3,54
vaccinated_primary,886573.0181360049,886573.0181360049,268917.962794775,70661.02852889017,1549.7596477422946,82.66252377245192,303.32297204371,79.70130726226364,1.748033851741418,0.09323825796802115,older_adult_vax_main,scenario_c,scenario_c,2,2,False,posterior,92.57786123501137,True,False,65.69999506697059,1,354,84238,354,0,3,54
vaccine_eligible,2421902.4071249957,2421902.4071249957,746905.11809425,222879.43697044573,4395.832835649517,228.50787368156202,308.39604267163264,92.02659707292773,1.8150330181420251,0.09435057044797289,older_adult_vax_main,scenario_c,scenario_c,2,2,False,posterior,92.57786123501137,True,False,65.69999506697059,1,354,84238,354,0,3,54
age_60plus,3340476.501635195,3340476.501635195,1098307.6330657736,334455.2225296731,4638.276506209778,238.06678877453953,328.78771412645517,100.12201024792542,1.3885074491436469,0.07126731430620858,older_adult_vax_main,scenario_c,scenario_c,2,2,False,posterior,92.57786123501137,True,False,65.69999506697059,1,354,84238,354,0,3,54
all_ages,9998297.0391649,9998297.0391649,5167562.128881255,1782768.201129674,11216.41773042786,278.53771388328516,516.8442294361832,178.3071851282564,1.1218328167778362,0.027858515584424943,older_adult_vax_main,scenario_c,scenario_c,2,2,False,posterior,92.57786123501137,True,False,65.69999506697059,1,354,84238,354,0,3,54
vaccinated_primary,886572.2782324961,886572.2782324961,268912.32017225167,70523.35996050722,1546.1720528232936,82.46349997268601,303.3168606493826,79.54609194538007,1.7439887201366147,0.09301384895215577,older_adult_vax_main,scenario_c,scenario_c,3,3,False,posterior,85.00743413507007,True,False,65.69999506697059,1,354,84238,354,0,3,54
vaccine_eligible,2421901.7003715937,2421901.7003715937,746869.3661694374,222743.31008174966,4392.089545213995,228.30020490019743,308.3813707446693,91.97041731610082,1.8134879481442678,0.09426485181672287,older_adult_vax_main,scenario_c,scenario_c,3,3,False,posterior,85.00743413507007,True,False,65.69999506697059,1,354,84238,354,0,3,54
age_60plus,3340475.7467716667,3340475.7467716667,1098266.0510737854,334306.13443965185,4634.495201854524,237.85751800947327,328.77534049908365,100.07740207745411,1.3873757970951999,0.07120468341653004,older_adult_vax_main,scenario_c,scenario_c,3,3,False,posterior,85.00743413507007,True,False,65.69999506697059,1,354,84238,354,0,3,54
all_ages,9998295.832625149,9998295.832625149,5167516.2806387665,1782618.4513575688,11212.617624179189,278.3283280395486,516.8397062004101,178.29222911576176,1.1214528767584195,0.02783757679297141,older_adult_vax_main,scenario_c,scenario_c,3,3,False,posterior,85.00743413507007,True,False,65.69999506697059,1,354,84238,354,0,3,54
vaccinated_primary,886590.6917547582,886590.6917547582,268560.28838043043,67149.92266286985,1459.2663483890572,77.81872055727463,302.9134987294875,75.73948529728568,1.6459301478801314,0.08777299522878391,older_adult_vax_main,scenario_c,scenario_c,4,4,False,posterior,76.79737779987045,True,False,65.69999506697059,1,354,84238,354,0,3,54
vaccine_eligible,2421921.476528065,2421921.476528065,745894.4117425986,219273.50602240302,4301.918792174836,223.48027910885548,307.976298559387,90.53700053758209,1.7762420598135302,0.09227395738247661,older_adult_vax_main,scenario_c,scenario_c,4,4,False,posterior,76.79737779987045,True,False,65.69999506697059,1,354,84238,354,0,3,54
age_60plus,3340495.047163385,3340495.047163385,1097003.8605469726,330643.47476004803,4543.814364962008,233.01645465780354,328.3955955805127,98.98038167750533,1.3602218535903634,0.0697550666496787,older_adult_vax_main,scenario_c,scenario_c,4,4,False,posterior,76.79737779987045,True,False,65.69999506697059,1,354,84238,354,0,3,54
all_ages,9998317.27558405,9998317.27558405,5165216.483934342,1778635.4070479714,11120.154790452098,273.4726309429731,516.6085793804355,177.89347527422535,1.1122026320976612,0.02735186565951402,older_adult_vax_main,scenario_c,scenario_c,4,4,False,posterior,76.79737779987045,True,False,65.69999506697059,1,354,84238,354,0,3,54
vaccinated_primary,886610.1347567341,886610.1347567341,267417.5677866543,61612.40056099112,1315.9537381249925,70.11190958976593,301.61799115913294,69.4921004685968,1.4842529839635328,0.07907862412265687,older_adult_vax_main,scenario_c,scenario_c,5,5,False,posterior,35.496301845880225,True,False,65.69999506697059,1,354,84238,354,0,3,54
vaccine_eligible,2421941.444650557,2421941.444650557,743572.4187997081,213538.22038944002,4152.073541126828,215.42328936592196,307.0150273211879,88.16820111860706,1.7143575251572187,0.08894653082622471,older_adult_vax_main,scenario_c,scenario_c,5,5,False,posterior,35.496301845880225,True,False,65.69999506697059,1,354,84238,354,0,3,54
age_60plus,3340515.7063025096,3340515.7063025096,1094145.8506625541,324560.7808434698,4393.044562211115,224.92113335897614,327.5380051643651,97.15888484856544,1.3150797506872403,0.06733126053998795,older_adult_vax_main,scenario_c,scenario_c,5,5,False,posterior,35.496301845880225,True,False,65.69999506697059,1,354,84238,354,0,3,54
all_ages,9998339.268881975,9998339.268881975,5160204.709451128,1771863.6044401552,10965.647649692495,265.34799060140807,516.1061823048286,177.2157912219243,1.096746905140646,0.026539206508750485,older_adult_vax_main,scenario_c,scenario_c,5,5,False,posterior,35.496301845880225,True,False,65.69999506697059,1,354,84238,354,0,3,54
vaccinated_primary,887386.7604322218,887386.7604322218,164428.53297163558,48097.33430403359,1428.1752475663861,76.17076766068203,185.29522898397417,54.20109522549863,1.6094168982989572,0.08583716937987822,older_adult_vax_main,none,no_revaccination,0,0,True,posterior,30.616128119872883,True,False,65.37956406688318,2,451,77850,451,0,4,51
vaccine_eligible,2423558.484915868,2423558.484915868,454451.89412745653,148100.20808817388,3955.7564176851197,205.33273799331837,187.51430879673305,61.10857609170305,1.6322100094986736,0.08472365708164305,older_adult_vax_main,none,no_revaccination,0,0,True,posterior,30.616128119872883,True,False,65.37956406688318,2,451,77850,451,0,4,51
age_60plus,3340683.2659766055,3340683.2659766055,668585.4057346741,221775.29463648592,4169.664860939387,213.70738323362232,200.13432956782324,66.38620814345678,1.2481473186654946,0.06397115985527223,older_adult_vax_main,none,no_revaccination,0,0,True,posterior,30.616128119872883,True,False,65.37956406688318,2,451,77850,451,0,4,51
all_ages,9998541.588484118,9998541.588484118,3279997.5001965323,1164352.8380735847,9598.655588903079,249.32450028216738,328.04759285837144,116.45226734013241,0.9600055672077605,0.024936086735822392,older_adult_vax_main,none,no_revaccination,0,0,True,posterior,30.616128119872883,True,False,65.37956406688318,2,451,77850,451,0,4,51
vaccinated_primary,887386.7817814456,887386.7817814456,164428.29443236443,48095.54793628521,1428.1139431229435,76.1675296409128,185.2949557151072,54.19908085596283,1.6093477753364527,0.08583351837628803,older_adult_vax_main,scenario_a,scenario_a,1,1,False,posterior,99.91144646285102,True,False,65.37956406688318,2,451,77850,451,0,4,51
vaccine_eligible,2423558.5075287586,2423558.5075287586,454451.32593817683,148098.3375078661,3955.692481599591,205.32936069383658,187.51407260292197,61.10780368940968,1.6321836131916247,0.08472226276196061,older_adult_vax_main,scenario_a,scenario_a,1,1,False,posterior,99.91144646285102,True,False,65.37956406688318,2,451,77850,451,0,4,51
age_60plus,3340683.288438275,3340683.288438275,668584.6409469317,221773.3270168592,4169.600619076426,213.7039934662754,200.1340992906532,66.38561870991825,1.2481280801167052,0.06397014473233084,older_adult_vax_main,scenario_a,scenario_a,1,1,False,posterior,99.91144646285102,True,False,65.37956406688318,2,451,77850,451,0,4,51
all_ages,9998541.615272501,9998541.615272501,3279995.847113027,1164350.5908030367,9598.589476544563,249.32109581465397,328.0474266469944,116.45204226829668,0.9599989524355209,0.02493574617260409,older_adult_vax_main,scenario_a,scenario_a,1,1,False,posterior,99.91144646285102,True,False,65.37956406688318,2,451,77850,451,0,4,51
vaccinated_primary,887400.8155166073,887400.8155166073,164265.67094988417,46812.84103523408,1383.9481020940696,73.8270873970494,185.1087671744539,52.75275863701075,1.5595524343623615,0.08319474819737505,older_adult_vax_main,scenario_a,scenario_a,2,2,False,posterior,92.4805235019885,True,False,65.37956406688318,2,451,77850,451,0,4,51
vaccine_eligible,2423573.416141398,2423573.416141398,454050.27165479586,146760.7430429454,3909.6264433313545,202.88802110721423,187.3474385511684,60.55551775964148,1.6131660866110342,0.08371441102462447,older_adult_vax_main,scenario_a,scenario_a,2,2,False,posterior,92.4805235019885,True,False,65.37956406688318,2,451,77850,451,0,4,51
age_60plus,3340698.0598294297,3340698.0598294297,668048.7129678503,220362.0477125252,4123.296549698771,211.25290220578626,199.9727904179283,65.96287475431902,1.234261964371991,0.06323615556461648,older_adult_vax_main,scenario_a,scenario_a,2,2,False,posterior,92.4805235019885,True,False,65.37956406688318,2,451,77850,451,0,4,51
all_ages,9998558.95467104,9998558.95467104,3278865.9201238034,1162752.6687172481,9551.025674934937,246.86009994979915,327.93384876647764,116.29202507967845,0.9552402219394798,0.024689567873625747,older_adult_vax_main,scenario_a,scenario_a,2,2,False,posterior,92.4805235019885,True,False,65.37956406688318,2,451,77850,451,0,4,51
vaccinated_primary,887400.1975373349,887400.1975373349,164260.77709358511,46722.04357535693,1380.6617373846786,73.64465230781838,185.103381258459,52.650476870545475,1.5558501578163004,0.08298922235108021,older_adult_vax_main,scenario_a,scenario_a,3,3,False,posterior,84.61728562810458,True,False,65.37956406688318,2,451,77850,451,0,4,51
vaccine_eligible,2423572.827972273,2423572.827972273,454022.61635167873,146669.5900915583,3906.1561531524408,202.69550934770996,187.33607305357734,60.51792147474772,1.6117345879061529,0.08363499830013316,older_adult_vax_main,scenario_a,scenario_a,3,3,False,posterior,84.61728562810458,True,False,65.37956406688318,2,451,77850,451,0,4,51
age_60plus,3340697.427576383,3340697.427576383,668015.8874001041,220261.6334092269,4119.79151404752,211.05892989763618,199.9630023018091,65.93282935205023,1.2332130051766932,0.06317810411544983,older_adult_vax_main,scenario_a,scenario_a,3,3,False,posterior,84.61728562810458,True,False,65.37956406688318,2,451,77850,451,0,4,51
all_ages,9998557.928108737,9998557.928108737,3278818.4596669567,1162647.412442584,9547.480904592672,246.6658735967261,327.9291357055884,116.2815098739447,0.9548857918552474,0.024670144971934354,older_adult_vax_main,scenario_a,scenario_a,3,3,False,posterior,84.61728562810458,True,False,65.37956406688318,2,451,77850,451,0,4,51
vaccinated_primary,887398.3597642137,887398.3597642137,164267.2410205896,46725.10798591981,1380.5816610148913,73.6323820352873,185.11104873377977,52.654039160422734,1.555763142701457,0.08297556697631468,older_adult_vax_main,scenario_a,scenario_a,4,4,False,posterior,77.17417178303003,True,False,65.37956406688318,2,451,77850,451,0,4,51
vaccine_eligible,2423570.93008193,2423570.93008193,454022.47611284617,146674.68130644585,3906.012163936862,202.6795568396746,187.33616189128728,60.52006957415001,1.6116764380421156,0.08362848156163637,older_adult_vax_main,scenario_a,scenario_a,4,4,False,posterior,77.17417178303003,True,False,65.37956406688318,2,451,77850,451,0,4,51
age_60plus,3340695.5089877127,3340695.5089877127,668019.8253105694,220263.82472526634,4119.634046665574,211.04239489610663,199.96429591183863,65.93352316386655,1.2331665773136842,0.0631731908305693,older_adult_vax_main,scenario_a,scenario_a,4,4,False,posterior,77.17417178303003,True,False,65.37956406688318,2,451,77850,451,0,4,51
all_ages,9998555.45659402,9998555.45659402,3278845.6839757646,1162656.6102911006,9547.362137440366,246.6497111776684,327.9319395896709,116.28245853498083,0.9548741494596509,0.02466853459466523,older_adult_vax_main,scenario_a,scenario_a,4,4,False,posterior,77.17417178303003,True,False,65.37956406688318,2,451,77850,451,0,4,51
vaccinated_primary,887396.0546467028,887396.0546467028,164278.45017919462,46773.56610894639,1382.0683253966413,73.70441296214454,185.1241610991819,52.708783033262705,1.5574424949938293,0.08305695362989679,older_adult_vax_main,scenario_a,scenario_a,5,5,False,posterior,69.54814415192232,True,False,65.37956406688318,2,451,77850,451,0,4,51
vaccine_eligible,2423568.5133892735,2423568.5133892735,454036.0823578292,146725.6652243814,3907.500245810364,202.75143332401265,187.341962832681,60.5411666366266,1.6122920496049296,0.08365822224702535,older_adult_vax_main,scenario_a,scenario_a,5,5,False,posterior,69.54814415192232,True,False,65.37956406688318,2,451,77850,451,0,4,51
age_60plus,3340693.0929139294,3340693.0929139294,668041.7487146736,220315.97974788633,4121.122969991373,211.11428569601978,199.97100306271238,65.94918288519436,1.2336131621108335,0.06319475624499067,older_adult_vax_main,scenario_a,scenario_a,5,5,False,posterior,69.54814415192232,True,False,65.37956406688318,2,451,77850,451,0,4,51
all_ages,9998552.50981179,9998552.50981179,3278907.8718850124,1162721.1107739871,9548.929961697922,246.72227715858034,327.93825592928084,116.28894378791175,0.9550312360041472,0.024675799513626254,older_adult_vax_main,scenario_a,scenario_a,5,5,False,posterior,69.54814415192232,True,False,65.37956406688318,2,451,77850,451,0,4,51
vaccinated_primary,887386.7817814456,887386.7817814456,164428.29443236443,48095.54793628521,1428.1139431229435,76.1675296409128,185.2949557151072,54.19908085596283,1.6093477753364527,0.08583351837628803,older_adult_vax_main,scenario_b,scenario_b,1,1,False,posterior,99.95609644707292,True,False,65.37956406688318,2,451,77850,451,0,4,51
vaccine_eligible,2423558.5075287586,2423558.5075287586,454451.32593817683,148098.3375078661,3955.692481599591,205.32936069383658,187.51407260292197,61.10780368940968,1.6321836131916247,0.08472226276196061,older_adult_vax_main,scenario_b,scenario_b,1,1,False,posterior,99.95609644707292,True,False,65.37956406688318,2,451,77850,451,0,4,51
age_60plus,3340683.288438275,3340683.288438275,668584.6409469317,221773.3270168592,4169.600619076426,213.7039934662754,200.1340992906532,66.38561870991825,1.2481280801167052,0.06397014473233084,older_adult_vax_main,scenario_b,scenario_b,1,1,False,posterior,99.95609644707292,True,False,65.37956406688318,2,451,77850,451,0,4,51
all_ages,9998541.615272501,9998541.615272501,3279995.847113027,1164350.5908030367,9598.589476544563,249.32109581465397,328.0474266469944,116.45204226829668,0.9599989524355209,0.02493574617260409,older_adult_vax_main,scenario_b,scenario_b,1,1,False,posterior,99.95609644707292,True,False,65.37956406688318,2,451,77850,451,0,4,51
vaccinated_primary,887400.8155166073,887400.8155166073,164265.67094988417,46812.84103523408,1383.9481020940696,73.8270873970494,185.1087671744539,52.75275863701075,1.5595524343623615,0.08319474819737505,older_adult_vax_main,scenario_b,scenario_b,2,2,False,posterior,92.59291865001433,True,False,65.37956406688318,2,451,77850,451,0,4,51
vaccine_eligible,2423573.416141398,2423573.416141398,454050.27165479586,146760.7430429454,3909.6264433313545,202.88802110721423,187.3474385511684,60.55551775964148,1.6131660866110342,0.08371441102462447,older_adult_vax_main,scenario_b,scenario_b,2,2,False,posterior,92.59291865001433,True,False,65.37956406688318,2,451,77850,451,0,4,51
age_60plus,3340698.0598294297,3340698.0598294297,668048.7129678503,220362.0477125252,4123.296549698771,211.25290220578626,199.9727904179283,65.96287475431902,1.234261964371991,0.06323615556461648,older_adult_vax_main,scenario_b,scenario_b,2,2,False,posterior,92.59291865001433,True,False,65.37956406688318,2,451,77850,451,0,4,51
all_ages,9998558.95467104,9998558.95467104,3278865.9201238034,1162752.6687172481,9551.025674934937,246.86009994979915,327.93384876647764,116.29202507967845,0.9552402219394798,0.024689567873625747,older_adult_vax_main,scenario_b,scenario_b,2,2,False,posterior,92.59291865001433,True,False,65.37956406688318,2,451,77850,451,0,4,51
vaccinated_primary,887400.2076908494,887400.2076908494,164260.6489956483,46720.995085362425,1380.6255066994281,73.64272579724758,185.10323478859618,52.6492947380952,1.5558093121163743,0.0829870504412853,older_adult_vax_main,scenario_b,scenario_b,3,3,False,posterior,84.94872937514447,True,False,65.37956406688318,2,451,77850,451,0,4,51
vaccine_eligible,2423572.8388193888,2423572.8388193888,454022.28773556434,146668.49926171967,3906.1183219395343,202.69349761546982,187.3359366235245,60.517471112263856,1.6117189710057767,0.08363416785699301,older_adult_vax_main,scenario_b,scenario_b,3,3,False,posterior,84.94872937514447,True,False,65.37956406688318,2,451,77850,451,0,4,51
age_60plus,3340697.438280445,3340697.438280445,668015.4513889366,220260.47887036012,4119.753473246478,211.05690955029516,199.9628711460873,65.93248354263852,1.2332016141416975,0.06317749914488884,older_adult_vax_main,scenario_b,scenario_b,3,3,False,posterior,84.94872937514447,True,False,65.37956406688318,2,451,77850,451,0,4,51
all_ages,9998557.940447005,9998557.940447005,3278817.552377104,1162646.1092957072,9547.441857318314,246.66384540917,327.92904455885144,116.28137939697021,0.9548818853863118,0.024669942093483777,older_adult_vax_main,scenario_b,scenario_b,3,3,False,posterior,84.94872937514447,True,False,65.37956406688318,2,451,77850,451,0,4,51
vaccinated_primary,887412.8853896965,887412.8853896965,164059.11835733204,44960.982321415024,1319.358862707801,70.36608781585555,184.87349131209368,50.665234933647554,1.4867474705738815,0.07929351598828221,older_adult_vax_main,scenario_b,scenario_b,4,4,False,posterior,76.91629875614308,True,False,65.37956406688318,2,451,77850,451,0,4,51
vaccine_eligible,2423586.5466099237,2423586.5466099237,453465.04815134144,144841.14541746886,3841.9837929360215,199.26352822667073,187.10495351842974,59.76314137412194,1.585247202461216,0.08221844955584423,older_adult_vax_main,scenario_b,scenario_b,4,4,False,posterior,76.91629875614308,True,False,65.37956406688318,2,451,77850,451,0,4,51
age_60plus,3340710.8514107647,3340710.8514107647,667285.5113607376,218318.47124539327,4055.2326525491403,207.610997110576,199.7435698689536,65.35090313284627,1.2138831622726751,0.06214575470454228,older_adult_vax_main,scenario_b,scenario_b,4,4,False,posterior,76.91629875614308,True,False,65.37956406688318,2,451,77850,451,0,4,51
all_ages,9998572.796167096,9998572.796167096,3277332.3370664376,1160464.463695114,9481.282538433155,243.20539151664903,327.78001459596186,116.06301092691673,0.9482635903863958,0.024324010683792856,older_adult_vax_main,scenario_b,scenario_b,4,4,False,posterior,76.91629875614308,True,False,65.37956406688318,2,451,77850,451,0,4,51
vaccinated_primary,887407.6463695682,887407.6463695682,164084.0400412999,45068.11678808833,1322.631166438658,70.52414890361902,184.90266644937805,50.78626150277653,1.490443734454636,0.07947209965131252,older_adult_vax_main,scenario_b,scenario_b,5,5,False,posterior,69.10981413489208,True,False,65.37956406688318,2,451,77850,451,0,4,51
vaccine_eligible,2423581.04743519,2423581.04743519,453494.13681705395,144953.48900299557,3845.2463918382173,199.4205585475611,187.1173804139847,59.80963135373414,1.5865969887442126,0.08228342879583188,older_adult_vax_main,scenario_b,scenario_b,5,5,False,posterior,69.10981413489208,True,False,65.37956406688318,2,451,77850,451,0,4,51
age_60plus,3340705.3580179308,3340705.3580179308,667332.9102604924,218433.36070716864,4058.4968680830543,207.76804890175376,199.75808661450668,65.38540137426757,1.2148622620496514,0.06219286846207363,older_adult_vax_main,scenario_b,scenario_b,5,5,False,posterior,69.10981413489208,True,False,65.37956406688318,2,451,77850,451,0,4,51
all_ages,9998566.112300849,9998566.112300849,3277467.9478730424,1160606.2981966469,9484.718524660379,243.36392329600565,327.7937967366041,116.07727399719825,0.9486078721819619,0.02433988239539712,older_adult_vax_main,scenario_b,scenario_b,5,5,False,posterior,69.10981413489208,True,False,65.37956406688318,2,451,77850,451,0,4,51
vaccinated_primary,887386.7817814456,887386.7817814456,164428.29443236443,48095.54793628521,1428.1139431229435,76.1675296409128,185.2949557151072,54.19908085596283,1.6093477753364527,0.08583351837628803,older_adult_vax_main,scenario_c,scenario_c,1,1,False,posterior,99.95417809300125,True,False,65.37956406688318,2,451,77850,451,0,4,51
vaccine_eligible,2423558.5075287586,2423558.5075287586,454451.32593817683,148098.3375078661,3955.692481599591,205.32936069383658,187.51407260292197,61.10780368940968,1.6321836131916247,0.08472226276196061,older_adult_vax_main,scenario_c,scenario_c,1,1,False,posterior,99.95417809300125,True,False,65.37956406688318,2,451,77850,451,0,4,51
age_60plus,3340683.288438275,3340683.288438275,668584.6409469317,221773.3270168592,4169.600619076426,213.7039934662754,200.1340992906532,66.38561870991825,1.2481280801167052,0.06397014473233084,older_adult_vax_main,scenario_c,scenario_c,1,1,False,posterior,99.95417809300125,True,False,65.37956406688318,2,451,77850,451,0,4,51
all_ages,9998541.615272501,9998541.615272501,3279995.847113027,1164350.5908030367,9598.589476544563,249.32109581465397,328.0474266469944,116.45204226829668,0.9599989524355209,0.02493574617260409,older_adult_vax_main,scenario_c,scenario_c,1,1,False,posterior,99.95417809300125,True,False,65.37956406688318,2,451,77850,451,0,4,51
vaccinated_primary,887400.8155166073,887400.8155166073,164265.67094988417,46812.84103523408,1383.9481020940696,73.8270873970494,185.1087671744539,52.75275863701075,1.5595524343623615,0.08319474819737505,older_adult_vax_main,scenario_c,scenario_c,2,2,False,posterior,92.8429140530061,True,False,65.37956406688318,2,451,77850,451,0,4,51
vaccine_eligible,2423573.416141398,2423573.416141398,454050.27165479586,146760.7430429454,3909.6264433313545,202.88802110721423,187.3474385511684,60.55551775964148,1.6131660866110342,0.08371441102462447,older_adult_vax_main,scenario_c,scenario_c,2,2,False,posterior,92.8429140530061,True,False,65.37956406688318,2,451,77850,451,0,4,51
age_60plus,3340698.0598294297,3340698.0598294297,668048.7129678503,220362.0477125252,4123.296549698771,211.25290220578626,199.9727904179283,65.96287475431902,1.234261964371991,0.06323615556461648,older_adult_vax_main,scenario_c,scenario_c,2,2,False,posterior,92.8429140530061,True,False,65.37956406688318,2,451,77850,451,0,4,51
all_ages,9998558.95467104,9998558.95467104,3278865.9201238034,1162752.6687172481,9551.025674934937,246.86009994979915,327.93384876647764,116.29202507967845,0.9552402219394798,0.024689567873625747,older_adult_vax_main,scenario_c,scenario_c,2,2,False,posterior,92.8429140530061,True,False,65.37956406688318,2,451,77850,451,0,4,51
vaccinated_primary,887400.2100517778,887400.2100517778,164260.61920959072,46720.75128487398,1380.6170821452736,73.64227783456607,185.10320073059987,52.64901986235492,1.5557998144543121,0.08298654541705508,older_adult_vax_main,scenario_c,scenario_c,3,3,False,posterior,84.93773681111634,True,False,65.37956406688318,2,451,77850,451,0,4,51
vaccine_eligible,2423572.8413415984,2423572.8413415984,454022.2113236964,146668.24561610995,3906.109525219994,202.69302983647646,187.33590489996035,60.51736639156261,1.6117153396791322,0.08363397475780973,older_adult_vax_main,scenario_c,scenario_c,3,3,False,posterior,84.93773681111634,True,False,65.37956406688318,2,451,77850,451,0,4,51
age_60plus,3340697.44076939,3340697.44076939,668015.3500048959,220260.2104106995,4119.744627792077,211.05643976805976,199.96284064894138,65.93240313315286,1.2331989654361712,0.06317735847381968,older_adult_vax_main,scenario_c,scenario_c,3,3,False,posterior,84.93773681111634,True,False,65.37956406688318,2,451,77850,451,0,4,51
all_ages,9998557.94331594,9998557.94331594,3278817.3414074257,1162645.8062804071,9547.432777830292,246.66337380386796,327.92902336474657,116.28134905770473,0.9548809770325704,0.024669894919073104,older_adult_vax_main,scenario_c,scenario_c,3,3,False,posterior,84.93773681111634,True,False,65.37956406688318,2,451,77850,451,0,4,51
vaccinated_primary,887416.9066673731,887416.9066673731,164000.09050631127,44461.67374251913,1302.020623843268,69.44081677500215,184.80613708634556,50.10235145225211,1.467202860415301,0.07825050013502884,older_adult_vax_main,scenario_c,scenario_c,4,4,False,posterior,76.74167686514556,True,False,65.37956406688318,2,451,77850,451,0,4,51
vaccine_eligible,2423590.876634877,2423590.876634877,453306.1711661465,144322.0040719206,3823.842612421282,198.29540573314054,187.0390648588164,59.548831225305534,1.5777591215109024,0.08181884477485367,older_adult_vax_main,scenario_c,scenario_c,4,4,False,posterior,76.74167686514556,True,False,65.37956406688318,2,451,77850,451,0,4,51
age_60plus,3340715.101080164,3340715.101080164,667076.2290910574,217767.41304806015,4036.984938961215,206.6384852710767,199.6806698288548,65.18586783340152,1.2084194002822701,0.06185456676753538,older_adult_vax_main,scenario_c,scenario_c,4,4,False,posterior,76.74167686514556,True,False,65.37956406688318,2,451,77850,451,0,4,51
all_ages,9998577.589920364,9998577.589920364,3276897.8327962006,1159841.8265726005,9462.549422519358,242.22916178811377,327.7364008356213,116.00068271129336,0.9463895576565431,0.024226362160984446,older_adult_vax_main,scenario_c,scenario_c,4,4,False,posterior,76.74167686514556,True,False,65.37956406688318,2,451,77850,451,0,4,51
vaccinated_primary,887434.3827081353,887434.3827081353,163207.0827097079,40775.931065588076,1173.0933267403125,62.50616189638937,183.90890176201842,45.948108232131354,1.321893031866139,0.07043468577997025,older_adult_vax_main,scenario_c,scenario_c,5,5,False,posterior,35.41543336492032,True,False,65.37956406688318,2,451,77850,451,0,4,51
vaccine_eligible,2423609.5169880977,2423609.5169880977,451628.7030528465,140452.57385422016,3687.5422509356417,190.96721541847893,186.34549001693182,57.95181644143953,1.5215084051651508,0.07879454758693984,older_adult_vax_main,scenario_c,scenario_c,5,5,False,posterior,35.41543336492032,True,False,65.37956406688318,2,451,77850,451,0,4,51
age_60plus,3340733.9351202026,3340733.9351202026,664970.8934686433,213629.64845970087,3899.783503867173,199.27312813874468,199.04934256451557,63.94692082894482,1.167343338201776,0.05964950576992736,older_adult_vax_main,scenario_c,scenario_c,5,5,False,posterior,35.41543336492032,True,False,65.37956406688318,2,451,77850,451,0,4,51
all_ages,9998597.675405731,9998597.675405731,3272788.2897905475,1155059.752939785,9320.93845103417,234.83110703443174,327.3247305310484,115.52217525273252,0.9322245732480617,0.023486404259675603,older_adult_vax_main,scenario_c,scenario_c,5,5,False,posterior,35.41543336492032,True,False,65.37956406688318,2,451,77850,451,0,4,51
vaccinated_primary,887206.3493010327,887206.3493010327,157842.51171191595,82799.33990615202,1740.8344391357566,93.60451389096356,177.90958308207436,93.32590999983688,1.9621528187971573,0.10550478359933736,older_adult_vax_main,none,no_revaccination,0,0,True,posterior,30.469729070086032,True,False,64.91431660600938,3,466,107137,466,0,4,66
vaccine_eligible,2423344.5006071744,2423344.5006071744,436730.4169526098,253549.27151844586,4655.413927191119,245.1603326239083,180.21804858664794,104.62782796870958,1.9210697967312096,0.10116610847631562,older_adult_vax_main,none,no_revaccination,0,0,True,posterior,30.469729070086032,True,False,64.91431660600938,3,466,107137,466,0,4,66
age_60plus,3340385.4605691456,3340385.4605691456,640619.712960195,378094.64901664824,4850.415408951019,252.79590376226423,191.78017642641882,113.1889278886477,1.4520526047687294,0.07567866246166455,older_adult_vax_main,none,no_revaccination,0,0,True,posterior,30.469729070086032,True,False,64.91431660600938,3,466,107137,466,0,4,66
all_ages,9998311.832839757,9998311.832839757,2974645.163186796,1220250.2784826923,8639.79469069344,270.05686572630145,297.5147417803558,122.045631190932,0.8641253478728051,0.027010246353718587,older_adult_vax_main,none,no_revaccination,0,0,True,posterior,30.469729070086032,True,False,64.91431660600938,3,466,107137,466,0,4,66
vaccinated_primary,887206.3761908814,887206.3761908814,157842.0768764787,82796.15175487327,1740.7586695030018,93.60047165970437,177.90908757233635,93.32231369926468,1.962067356838382,0.10550022426751174,older_adult_vax_main,scenario_a,scenario_a,1,1,False,posterior,99.50315571017563,True,False,64.91431660600938,3,466,107137,466,0,4,66
vaccine_eligible,2423344.530203247,2423344.530203247,436729.3896626993,253545.77117796475,4655.333392190767,245.1560379035996,180.2176224715644,104.6263822654634,1.9210365402728444,0.10116433501225609,older_adult_vax_main,scenario_a,scenario_a,1,1,False,posterior,99.50315571017563,True,False,64.91431660600938,3,466,107137,466,0,4,66
age_60plus,3340385.489634772,3340385.489634772,640618.3234001336,378090.87696048024,4850.334470032129,252.7915927846003,191.77975876975114,113.18779767595613,1.4520283617213443,0.07567737124023964,older_adult_vax_main,scenario_a,scenario_a,1,1,False,posterior,99.50315571017563,True,False,64.91431660600938,3,466,107137,466,0,4,66
all_ages,9998311.867665343,9998311.867665343,2974642.092398687,1220245.974696257,8639.710884710688,270.0525379729588,297.51443361340966,122.04520031451976,0.8641169628496601,0.02700981341123314,older_adult_vax_main,scenario_a,scenario_a,1,1,False,posterior,99.50315571017563,True,False,64.91431660600938,3,466,107137,466,0,4,66
vaccinated_primary,887222.8316845046,887222.8316845046,157570.54127354088,80638.55193125963,1689.2588389083617,90.84487037933344,177.59973666860364,90.88872496456966,1.9039848599264406,0.10239239471199471,older_adult_vax_main,scenario_a,scenario_a,2,2,False,posterior,92.8024007040076,True,False,64.91431660600938,3,466,107137,466,0,4,66
vaccine_eligible,2423362.699942551,2423362.699942551,436062.9742713045,251192.30101504637,4600.634229709447,242.2304674199411,179.94127510572065,103.65443894180645,1.8984505413979142,0.09995634059469657,older_adult_vax_main,scenario_a,scenario_a,2,2,False,posterior,92.8024007040076,True,False,64.91431660600938,3,466,107137,466,0,4,66
age_60plus,3340403.276876342,3340403.276876342,639723.4707081724,375552.1175490091,4795.353052358176,249.8545952147488,191.5108499433598,112.42717912197512,1.4355611148969947,0.07479773383781115,older_adult_vax_main,scenario_a,scenario_a,2,2,False,posterior,92.8024007040076,True,False,64.91431660600938,3,466,107137,466,0,4,66
all_ages,9998332.781835895,9998332.781835895,2972681.0529597984,1217367.8610457578,8582.932821380728,267.105179272314,297.31767463874655,121.75708566705903,0.8584364022143228,0.026714971895871232,older_adult_vax_main,scenario_a,scenario_a,2,2,False,posterior,92.8024007040076,True,False,64.91431660600938,3,466,107137,466,0,4,66
vaccinated_primary,887223.5987280529,887223.5987280529,157531.38435866317,80304.09540712289,1680.9064971343253,90.39038597935591,177.55544891333403,90.511676562987,1.894569192641085,0.10188005155514568,older_adult_vax_main,scenario_a,scenario_a,3,3,False,posterior,84.86344585800543,True,False,64.91431660600938,3,466,107137,466,0,4,66
vaccine_eligible,2423363.7038539415,2423363.7038539415,435937.60457850085,250820.53544945313,4591.46075483637,241.73190604313208,179.8894668122731,103.5009870992812,1.8946643244406296,0.09975056804667794,older_adult_vax_main,scenario_a,scenario_a,3,3,False,posterior,84.86344585800543,True,False,64.91431660600938,3,466,107137,466,0,4,66
age_60plus,3340404.1861696667,3340404.1861696667,639561.7713520941,375142.56191304576,4786.112634951795,249.35327960864083,191.4623906891516,112.30454190731021,1.432794466839618,0.07464763714554142,older_adult_vax_main,scenario_a,scenario_a,3,3,False,posterior,84.86344585800543,True,False,64.91431660600938,3,466,107137,466,0,4,66
all_ages,9998333.50731231,9998333.50731231,2972391.149436198,1216919.5985191073,8573.409533190983,266.60221335668814,297.288657881069,121.71224310822495,0.8574838523760779,0.026664664982590132,older_adult_vax_main,scenario_a,scenario_a,3,3,False,posterior,84.86344585800543,True,False,64.91431660600938,3,466,107137,466,0,4,66
vaccinated_primary,887220.1982083824,887220.1982083824,157571.2205615221,80463.55968935083,1684.3942481546244,90.56953157043742,177.6010294622634,90.6917582036971,1.8985075537685279,0.10208235988464867,older_adult_vax_main,scenario_a,scenario_a,4,4,False,posterior,77.69826758210547,True,False,64.91431660600938,3,466,107137,466,0,4,66
vaccine_eligible,2423360.027826747,2423360.027826747,436013.2142826912,251006.17018109254,4595.186693619044,241.92334013496242,179.92094004855932,103.57774631043708,1.8962047078658701,0.09982971467591534,older_adult_vax_main,scenario_a,scenario_a,4,4,False,posterior,77.69826758210547,True,False,64.91431660600938,3,466,107137,466,0,4,66
age_60plus,3340400.5321570057,3340400.5321570057,639671.1017553327,375344.826327584,4789.858173545916,249.54546477039878,191.49532985563147,112.3652157022055,1.4339173184279634,0.07470525236961902,older_adult_vax_main,scenario_a,scenario_a,4,4,False,posterior,77.69826758210547,True,False,64.91431660600938,3,466,107137,466,0,4,66
all_ages,9998328.926019184,9998328.926019184,2972661.317986737,1217171.955142396,8577.466993032347,266.796258236091,297.3158154710056,121.73753875759024,0.8578900590788474,0.026684084931612208,older_adult_vax_main,scenario_a,scenario_a,4,4,False,posterior,77.69826758210547,True,False,64.91431660600938,3,466,107137,466,0,4,66
vaccinated_primary,887218.030794365,887218.030794365,157567.59169013734,80446.70578948353,1683.5873632983926,90.51897137895239,177.59737316098074,90.67298341249455,1.8976027367151267,0.10202562192960259,older_adult_vax_main,scenario_a,scenario_a,5,5,False,posterior,69.3708113108296,True,False,64.91431660600938,3,466,107137,466,0,4,66
vaccine_eligible,2423357.742635578,2423357.742635578,435968.10139660153,250968.97469461506,4593.798804507124,241.84127305389202,179.90249385237465,103.56249524334284,1.8956337826997982,0.09979594378454089,older_adult_vax_main,scenario_a,scenario_a,5,5,False,posterior,69.3708113108296,True,False,64.91431660600938,3,466,107137,466,0,4,66
age_60plus,3340398.2430609833,3340398.2430609833,639615.0098231751,375295.4323777045,4788.442403280766,249.46223746022667,191.47866909337796,112.3505058587869,1.4334944682801842,0.0746803881777974,older_adult_vax_main,scenario_a,scenario_a,5,5,False,posterior,69.3708113108296,True,False,64.91431660600938,3,466,107137,466,0,4,66
all_ages,9998326.060963918,9998326.060963918,2972528.2750264225,1217095.1880033924,8575.850710057486,266.7120726594157,297.30259414442895,121.7298956427567,0.8577286495526338,0.026675672610911284,older_adult_vax_main,scenario_a,scenario_a,5,5,False,posterior,69.3708113108296,True,False,64.91431660600938,3,466,107137,466,0,4,66
vaccinated_primary,887206.3761908814,887206.3761908814,157842.0768764787,82796.15175487327,1740.7586695030018,93.60047165970437,177.90908757233635,93.32231369926468,1.962067356838382,0.10550022426751174,older_adult_vax_main,scenario_b,scenario_b,1,1,False,posterior,99.79151127603836,True,False,64.91431660600938,3,466,107137,466,0,4,66
vaccine_eligible,2423344.530203247,2423344.530203247,436729.3896626993,253545.77117796475,4655.333392190767,245.1560379035996,180.2176224715644,104.6263822654634,1.9210365402728444,0.10116433501225609,older_adult_vax_main,scenario_b,scenario_b,1,1,False,posterior,99.79151127603836,True,False,64.91431660600938,3,466,107137,466,0,4,66
age_60plus,3340385.489634772,3340385.489634772,640618.3234001336,378090.87696048024,4850.334470032129,252.7915927846003,191.77975876975114,113.18779767595613,1.4520283617213443,0.07567737124023964,older_adult_vax_main,scenario_b,scenario_b,1,1,False,posterior,99.79151127603836,True,False,64.91431660600938,3,466,107137,466,0,4,66
all_ages,9998311.867665343,9998311.867665343,2974642.092398687,1220245.974696257,8639.710884710688,270.0525379729588,297.51443361340966,122.04520031451976,0.8641169628496601,0.02700981341123314,older_adult_vax_main,scenario_b,scenario_b,1,1,False,posterior,99.79151127603836,True,False,64.91431660600938,3,466,107137,466,0,4,66
vaccinated_primary,887222.8316845046,887222.8316845046,157570.54127354088,80638.55193125963,1689.2588389083617,90.84487037933344,177.59973666860364,90.88872496456966,1.9039848599264406,0.10239239471199471,older_adult_vax_main,scenario_b,scenario_b,2,2,False,posterior,92.62629017001018,True,False,64.91431660600938,3,466,107137,466,0,4,66
vaccine_eligible,2423362.699942551,2423362.699942551,436062.9742713045,251192.30101504637,4600.634229709447,242.2304674199411,179.94127510572065,103.65443894180645,1.8984505413979142,0.09995634059469657,older_adult_vax_main,scenario_b,scenario_b,2,2,False,posterior,92.62629017001018,True,False,64.91431660600938,3,466,107137,466,0,4,66
age_60plus,3340403.276876342,3340403.276876342,639723.4707081724,375552.1175490091,4795.353052358176,249.8545952147488,191.5108499433598,112.42717912197512,1.4355611148969947,0.07479773383781115,older_adult_vax_main,scenario_b,scenario_b,2,2,False,posterior,92.62629017001018,True,False,64.91431660600938,3,466,107137,466,0,4,66
all_ages,9998332.781835895,9998332.781835895,2972681.0529597984,1217367.8610457578,8582.932821380728,267.105179272314,297.31767463874655,121.75708566705903,0.8584364022143228,0.026714971895871232,older_adult_vax_main,scenario_b,scenario_b,2,2,False,posterior,92.62629017001018,True,False,64.91431660600938,3,466,107137,466,0,4,66
vaccinated_primary,887223.6116401062,887223.6116401062,157531.1489362222,80302.21016881157,1680.8611990206816,90.38795630886479,177.55518098195432,90.50955037182374,1.8945181090407084,0.10187731156272452,older_adult_vax_main,scenario_b,scenario_b,3,3,False,posterior,85.29322418686934,True,False,64.91431660600938,3,466,107137,466,0,4,66
vaccine_eligible,2423363.718249664,2423363.718249664,435937.00338332326,250818.47315845225,4591.412398259122,241.72931355446332,179.8892176607273,103.50013548094722,1.8946443588647048,0.09974949766478243,older_adult_vax_main,scenario_b,scenario_b,3,3,False,posterior,85.29322418686934,True,False,64.91431660600938,3,466,107137,466,0,4,66
age_60plus,3340404.200195183,3340404.200195183,639560.9689589856,375140.3298617449,4786.064012510112,249.35067632287763,191.4621496768611,112.30387323780309,1.4327799049679248,0.07464685749955284,older_adult_vax_main,scenario_b,scenario_b,3,3,False,posterior,85.29322418686934,True,False,64.91431660600938,3,466,107137,466,0,4,66
all_ages,9998333.523529002,9998333.523529002,2972389.4298887122,1216917.0754750338,8573.359317159877,266.59960089104993,297.2884854154756,121.71199056435476,0.8574788285452026,0.026664403649234454,older_adult_vax_main,scenario_b,scenario_b,3,3,False,posterior,85.29322418686934,True,False,64.91431660600938,3,466,107137,466,0,4,66
vaccinated_primary,887237.6227831395,887237.6227831395,157216.61635471726,77445.88478363944,1611.3894725391551,86.64306671703017,177.19786933916404,87.28877450068292,1.8161870407213496,0.0976548609889232,older_adult_vax_main,scenario_b,scenario_b,4,4,False,posterior,77.061890456127,True,False,64.91431660600938,3,466,107137,466,0,4,66
vaccine_eligible,2423379.63487069,2423379.63487069,435068.56594453834,247713.29186889617,4517.126644388052,237.727218416056,179.52967817514624,102.21811238506757,1.8639781317750834,0.0980973905183209,older_adult_vax_main,scenario_b,scenario_b,4,4,False,posterior,77.061890456127,True,False,64.91431660600938,3,466,107137,466,0,4,66
age_60plus,3340419.5265617846,3340419.5265617846,638420.5601791859,371779.37904730695,4711.3617748240285,245.331565551594,191.119874345932,111.2972116499303,1.4104102006831827,0.07344333955684543,older_adult_vax_main,scenario_b,scenario_b,4,4,False,posterior,77.061890456127,True,False,64.91431660600938,3,466,107137,466,0,4,66
all_ages,9998350.416575415,9998350.416575415,2970006.69591556,1213158.3886043534,8496.557628252662,262.56859733992803,297.0496704128151,121.33585422182855,0.8497959437555761,0.026261191736652666,older_adult_vax_main,scenario_b,scenario_b,4,4,False,posterior,77.061890456127,True,False,64.91431660600938,3,466,107137,466,0,4,66
vaccinated_primary,887232.430900579,887232.430900579,157216.9804126718,77448.64091800211,1610.53884963967,86.58125431665282,177.19931659068172,87.29239173481118,1.815238931251537,0.09758576366372129,older_adult_vax_main,scenario_b,scenario_b,5,5,False,posterior,69.13608991215006,True,False,64.91431660600938,3,466,107137,466,0,4,66
vaccine_eligible,2423374.123375845,2423374.123375845,434991.36953812576,247678.83702828357,4515.115010874269,237.6023611167888,179.49823155335486,102.20412714618669,1.8631522748887634,0.09804609153200018,older_adult_vax_main,scenario_b,scenario_b,5,5,False,posterior,69.13608991215006,True,False,64.91431660600938,3,466,107137,466,0,4,66
age_60plus,3340414.0244701006,3340414.0244701006,638327.8773770495,371724.4047725044,4709.29860472648,245.2045534135417,191.09244324236403,111.28093764708466,1.4097948847743595,0.07340543765452523,older_adult_vax_main,scenario_b,scenario_b,5,5,False,posterior,69.13608991215006,True,False,64.91431660600938,3,466,107137,466,0,4,66
all_ages,9998343.587345716,9998343.587345716,2969796.561883206,1213060.4827007586,8494.160618500884,262.44005380967394,297.0288564239674,121.32614488624436,0.8495567835107625,0.026248353191405432,older_adult_vax_main,scenario_b,scenario_b,5,5,False,posterior,69.13608991215006,True,False,64.91431660600938,3,466,107137,466,0,4,66
vaccinated_primary,887206.3761908814,887206.3761908814,157842.0768764787,82796.15175487327,1740.7586695030018,93.60047165970437,177.90908757233635,93.32231369926468,1.962067356838382,0.10550022426751174,older_adult_vax_main,scenario_c,scenario_c,1,1,False,posterior,99.8751428059768,True,False,64.91431660600938,3,466,107137,466,0,4,66
vaccine_eligible,2423344.530203247,2423344.530203247,436729.3896626993,253545.77117796475,4655.333392190767,245.1560379035996,180.2176224715644,104.6263822654634,1.9210365402728444,0.10116433501225609,older_adult_vax_main,scenario_c,scenario_c,1,1,False,posterior,99.8751428059768,True,False,64.91431660600938,3,466,107137,466,0,4,66
age_60plus,3340385.489634772,3340385.489634772,640618.3234001336,378090.87696048024,4850.334470032129,252.7915927846003,191.77975876975114,113.18779767595613,1.4520283617213443,0.07567737124023964,older_adult_vax_main,scenario_c,scenario_c,1,1,False,posterior,99.8751428059768,True,False,64.91431660600938,3,466,107137,466,0,4,66
all_ages,9998311.867665343,9998311.867665343,2974642.092398687,1220245.974696257,8639.710884710688,270.0525379729588,297.51443361340966,122.04520031451976,0.8641169628496601,0.02700981341123314,older_adult_vax_main,scenario_c,scenario_c,1,1,False,posterior,99.8751428059768,True,False,64.91431660600938,3,466,107137,466,0,4,66
vaccinated_primary,887222.8316845046,887222.8316845046,157570.54127354088,80638.55193125963,1689.2588389083617,90.84487037933344,177.59973666860364,90.88872496456966,1.9039848599264406,0.10239239471199471,older_adult_vax_main,scenario_c,scenario_c,2,2,False,posterior,92.72049571201205,True,False,64.91431660600938,3,466,107137,466,0,4,66
vaccine_eligible,2423362.699942551,2423362.699942551,436062.9742713045,251192.30101504637,4600.634229709447,242.2304674199411,179.94127510572065,103.65443894180645,1.8984505413979142,0.09995634059469657,older_adult_vax_main,scenario_c,scenario_c,2,2,False,posterior,92.72049571201205,True,False,64.91431660600938,3,466,107137,466,0,4,66
age_60plus,3340403.276876342,3340403.276876342,639723.4707081724,375552.1175490091,4795.353052358176,249.8545952147488,191.5108499433598,112.42717912197512,1.4355611148969947,0.07479773383781115,older_adult_vax_main,scenario_c,scenario_c,2,2,False,posterior,92.72049571201205,True,False,64.91431660600938,3,466,107137,466,0,4,66
all_ages,9998332.781835895,9998332.781835895,2972681.0529597984,1217367.8610457578,8582.932821380728,267.105179272314,297.31767463874655,121.75708566705903,0.8584364022143228,0.026714971895871232,older_adult_vax_main,scenario_c,scenario_c,2,2,False,posterior,92.72049571201205,True,False,64.91431660600938,3,466,107137,466,0,4,66
vaccinated_primary,887223.6146424352,887223.6146424352,157531.0941949042,80301.77180655362,1680.850666138344,90.38739135301377,177.55511868154193,90.50905598237088,1.8945062308962017,0.10187667444970035,older_adult_vax_main,scenario_c,scenario_c,3,3,False,posterior,85.20001138187945,True,False,64.91431660600938,3,466,107137,466,0,4,66
vaccine_eligible,2423363.7215969847,2423363.7215969847,435936.86359083926,250817.99362714327,4591.401154208174,241.72871073935124,179.88915972694312,103.49993745959664,1.8946397163948894,0.09974924877560402,older_adult_vax_main,scenario_c,scenario_c,3,3,False,posterior,85.20001138187945,True,False,64.91431660600938,3,466,107137,466,0,4,66
age_60plus,3340404.203456419,3340404.203456419,639560.7823830721,375139.8108569593,4786.052706639055,249.35007099717194,191.4620936356441,112.30371775630942,1.4327765189873665,0.07464667621336415,older_adult_vax_main,scenario_c,scenario_c,3,3,False,posterior,85.20001138187945,True,False,64.91431660600938,3,466,107137,466,0,4,66
all_ages,9998333.52729973,9998333.52729973,2972389.0300500556,1216916.4888065604,8573.347640737597,266.5989934307884,297.28844531282755,121.7119318418272,0.857477660384972,0.026664342883027364,older_adult_vax_main,scenario_c,scenario_c,3,3,False,posterior,85.20001138187945,True,False,64.91431660600938,3,466,107137,466,0,4,66
vaccinated_primary,887242.4649815806,887242.4649815806,157115.14982590222,76588.73622786533,1590.628949361203,85.52627341997666,177.08254059859948,86.3222165876104,1.7927782000315156,0.0963956041280691,older_adult_vax_main,scenario_c,scenario_c,4,4,False,posterior,77.14682430191897,True,False,64.91431660600938,3,466,107137,466,0,4,66
vaccine_eligible,2423385.098561464,2423385.098561464,434796.6778707657,246776.49710450205,4494.896176765249,236.53201345082437,179.4170799056508,101.83131737955725,1.854800617299102,0.09760397288537888,older_adult_vax_main,scenario_c,scenario_c,4,4,False,posterior,77.14682430191897,True,False,64.91431660600938,3,466,107137,466,0,4,66
age_60plus,3340424.811671788,3340424.811671788,638060.4945457175,370764.1083909277,4689.005386333525,244.13123065993597,191.01178159025417,110.99310096591302,1.403715290926369,0.07308388735675664,older_adult_vax_main,scenario_c,scenario_c,4,4,False,posterior,77.14682430191897,True,False,64.91431660600938,3,466,107137,466,0,4,66
all_ages,9998356.384465711,9998356.384465711,2969235.5872017825,1212011.4942330183,8473.492492857114,261.36423816891244,296.9723695601646,121.22107350725179,0.8474885438192867,0.02614072034629511,older_adult_vax_main,scenario_c,scenario_c,4,4,False,posterior,77.14682430191897,True,False,64.91431660600938,3,466,107137,466,0,4,66
vaccinated_primary,887265.1871259012,887265.1871259012,155914.27943894616,69982.69765551563,1428.8429845394671,76.7661316434759,175.72455417077265,78.87461231541052,1.6103899998239388,0.08651994100224168,older_adult_vax_main,scenario_c,scenario_c,5,5,False,posterior,35.47651263605803,True,False,64.91431660600938,3,466,107137,466,0,4,66
vaccine_eligible,2423411.2263743016,2423411.2263743016,431964.1160371999,239381.14067391216,4317.572102076005,226.94133921750557,178.2463130219411,98.77858865581535,1.7816093509377617,0.0936454105467835,older_adult_vax_main,scenario_c,scenario_c,5,5,False,posterior,35.47651263605803,True,False,64.91431660600938,3,466,107137,466,0,4,66
age_60plus,3340450.396872538,3340450.396872538,634422.6510302514,362666.143740467,4510.51718315188,234.49306114898383,189.92129074098003,108.56803743591267,1.3502721631115389,0.0701980371774194,older_adult_vax_main,scenario_c,scenario_c,5,5,False,posterior,35.47651263605803,True,False,64.91431660600938,3,466,107137,466,0,4,66
all_ages,9998383.789128916,9998383.789128916,2961605.6278945445,1202616.2218567005,8287.80762464083,251.6865985253911,296.20843631894303,120.28106214169195,0.8289147325642803,0.025172728296251834,older_adult_vax_main,scenario_c,scenario_c,5,5,False,posterior,35.47651263605803,True,False,64.91431660600938,3,466,107137,466,0,4,66
vaccinated_primary,886752.1999567508,886752.1999567508,217394.2039720186,59713.51640048518,1846.0712492311932,98.86218444731804,245.15778363179868,67.33957514105695,2.081834417012138,0.11148794945435693,older_adult_vax_main,none,no_revaccination,0,0,True,posterior,30.53560953401029,True,False,65.15296590700746,4,626,102136,626,0,6,26
vaccine_eligible,2422262.0869030026,2422262.0869030026,600479.7114159602,184836.4964177194,5077.683691183383,265.622201232915,247.90038809702344,76.30738945100825,2.096256932161906,0.10965873704134463,older_adult_vax_main,none,no_revaccination,0,0,True,posterior,30.53560953401029,True,False,65.15296590700746,4,626,102136,626,0,6,26
age_60plus,3340114.778152628,3340114.778152628,883268.7007265207,277004.3135367126,5326.002746260009,275.413847079489,264.4426193087426,82.93257326022788,1.5945568041843607,0.08245640206167307,older_adult_vax_main,none,no_revaccination,0,0,True,posterior,30.53560953401029,True,False,65.15296590700746,4,626,102136,626,0,6,26
all_ages,9997902.354554713,9997902.354554713,4227778.378167022,1473475.0681399188,11481.044233896886,314.85990107120995,422.8665402239087,147.37842158146827,1.1483453055196626,0.031492596137205744,older_adult_vax_main,none,no_revaccination,0,0,True,posterior,30.53560953401029,True,False,65.15296590700746,4,626,102136,626,0,6,26
vaccinated_primary,886752.2270832069,886752.2270832069,217393.93146120524,59711.33785950876,1845.993488484286,98.85805452040296,245.1574688188592,67.33711631705421,2.081746661698624,0.11148328868096183,older_adult_vax_main,scenario_a,scenario_a,1,1,False,posterior,99.82697366201319,True,False,65.15296590700746,4,626,102136,626,0,6,26
vaccine_eligible,2422262.115417086,2422262.115417086,600479.056799215,184834.22903028945,5077.60304344937,265.61791745609673,247.90011492865185,76.30645249077972,2.096223613097736,0.10965696724789023,older_adult_vax_main,scenario_a,scenario_a,1,1,False,posterior,99.82697366201319,True,False,65.15296590700746,4,626,102136,626,0,6,26
age_60plus,3340114.806503726,3340114.806503726,883267.8254817943,277001.93838593835,5325.921774215936,275.4095500037857,264.4423550238254,82.93186145774757,1.5945325483559827,0.08245511485638762,older_adult_vax_main,scenario_a,scenario_a,1,1,False,posterior,99.82697366201319,True,False,65.15296590700746,4,626,102136,626,0,6,26
all_ages,9997902.388359131,9997902.388359131,4227776.598226872,1473472.4120986413,11480.961574494362,314.8555903630998,422.86636076277404,147.3781554233067,1.1483370339624444,0.031492164869472615,older_adult_vax_main,scenario_a,scenario_a,1,1,False,posterior,99.82697366201319,True,False,65.15296590700746,4,626,102136,626,0,6,26
vaccinated_primary,886770.0427903528,886770.0427903528,217206.18861790124,58150.025846730474,1790.0662019693882,95.87956663690674,244.94082810288663,65.57509054292456,2.01863630433058,0.10812224365993187,older_adult_vax_main,scenario_a,scenario_a,2,2,False,posterior,92.71886933408678,True,False,65.15296590700746,4,626,102136,626,0,6,26
vaccine_eligible,2422280.9108225224,2422280.9108225224,600012.7604488588,183214.95093188746,5019.573647087053,262.5270481659047,247.70568837332553,75.6373672901852,2.0722508379024385,0.10838010033970819,older_adult_vax_main,scenario_a,scenario_a,2,2,False,posterior,92.71886933408678,True,False,65.15296590700746,4,626,102136,626,0,6,26
age_60plus,3340133.444216072,3340133.444216072,882648.5486434505,275299.86397333024,5267.636619607257,272.30815061992485,264.2554746343698,82.4218159457228,1.5770737030668454,0.08152612917051746,older_adult_vax_main,scenario_a,scenario_a,2,2,False,posterior,92.71886933408678,True,False,65.15296590700746,4,626,102136,626,0,6,26
all_ages,9997924.265084581,9997924.265084581,4226543.43063639,1471579.9730252288,11421.522343485718,311.7448949973133,422.7420931159288,147.18854974370817,1.1423893640975777,0.031180961840850268,older_adult_vax_main,scenario_a,scenario_a,2,2,False,posterior,92.71886933408678,True,False,65.15296590700746,4,626,102136,626,0,6,26
vaccinated_primary,886769.364368552,886769.364368552,217200.11693664474,58030.96922798183,1785.5441780902584,95.62972989840347,244.93416852679383,65.44088187947759,2.0135384123939635,0.10784058825318035,older_adult_vax_main,scenario_a,scenario_a,3,3,False,posterior,85.01835356093943,True,False,65.15296590700746,4,626,102136,626,0,6,26
vaccine_eligible,2422280.2650977704,2422280.2650977704,599979.6987911125,183096.25924585736,5014.841714698125,262.26562223207,247.69210542484257,75.58838747277126,2.070297887059618,0.1082722036797357,older_adult_vax_main,scenario_a,scenario_a,3,3,False,posterior,85.01835356093943,True,False,65.15296590700746,4,626,102136,626,0,6,26
age_60plus,3340132.7542174435,3340132.7542174435,882609.4966945677,275170.0513573418,5262.864255360168,272.0450231417829,264.24383748823584,82.38296846432115,1.575645234074895,0.08144736846111376,older_adult_vax_main,scenario_a,scenario_a,3,3,False,posterior,85.01835356093943,True,False,65.15296590700746,4,626,102136,626,0,6,26
all_ages,9997923.091964275,9997923.091964275,4226493.400379068,1471446.892814868,11416.71847546685,311.48155540882243,422.7371386539338,147.17525622871892,1.1419090115469,0.031154626070205766,older_adult_vax_main,scenario_a,scenario_a,3,3,False,posterior,85.01835356093943,True,False,65.15296590700746,4,626,102136,626,0,6,26
vaccinated_primary,886766.9280987683,886766.9280987683,217208.91553577012,58043.996983856414,1785.7240462690343,95.6305264289929,244.94476355976295,65.45575296577982,2.0137467802251416,0.1078417827715171,older_adult_vax_main,scenario_a,scenario_a,4,4,False,posterior,77.11133099114522,True,False,65.15296590700746,4,626,102136,626,0,6,26
vaccine_eligible,2422277.7561501823,2422277.7561501823,599983.332516568,183112.54430103797,5014.964592122719,262.26304899316517,247.69386210693867,75.59518879951474,2.0703507594823445,0.10827125350397049,older_adult_vax_main,scenario_a,scenario_a,4,4,False,posterior,77.11133099114522,True,False,65.15296590700746,4,626,102136,626,0,6,26
age_60plus,3340130.2247075676,3340130.2247075676,882619.0355846378,275183.32132189325,5262.972748827803,272.04182838497155,264.2468934461716,82.38700374204299,1.5756789091325274,0.08144647366519644,older_adult_vax_main,scenario_a,scenario_a,4,4,False,posterior,77.11133099114522,True,False,65.15296590700746,4,626,102136,626,0,6,26
all_ages,9997919.843725797,9997919.843725797,4226531.133935189,1471468.5095331883,11416.86969642324,311.47877875322087,422.7410501382997,147.17746616628554,1.1419245077852778,0.03115435846874584,older_adult_vax_main,scenario_a,scenario_a,4,4,False,posterior,77.11133099114522,True,False,65.15296590700746,4,626,102136,626,0,6,26
vaccinated_primary,886764.0314143074,886764.0314143074,217221.14282832027,58099.74877421087,1787.438104043164,95.71430753736286,244.95935235653664,65.51883783732984,2.015686293897559,0.10793661464223722,older_adult_vax_main,scenario_a,scenario_a,5,5,False,posterior,69.40441231313162,True,False,65.15296590700746,4,626,102136,626,0,6,26
vaccine_eligible,2422274.7379720453,2422274.7379720453,599997.4115929472,183170.98350628244,5016.6617120484825,262.34566878289763,247.6999830726351,75.61940874619168,2.071053969810413,0.10830549675902423,older_adult_vax_main,scenario_a,scenario_a,5,5,False,posterior,69.40441231313162,True,False,65.15296590700746,4,626,102136,626,0,6,26
age_60plus,3340127.2079463163,3340127.2079463163,882642.0084883217,275242.5779321171,5264.668722969311,272.1243814409107,264.2540099635953,82.40481897734384,1.5761880896165934,0.08147126276912876,older_adult_vax_main,scenario_a,scenario_a,5,5,False,posterior,69.40441231313162,True,False,65.15296590700746,4,626,102136,626,0,6,26
all_ages,9997916.160572961,9997916.160572961,4226591.57361542,1471538.9036915062,11418.627507280193,311.56189974691466,422.74725110049354,147.18456126833286,1.1421007461844743,0.031162683777602278,older_adult_vax_main,scenario_a,scenario_a,5,5,False,posterior,69.40441231313162,True,False,65.15296590700746,4,626,102136,626,0,6,26
vaccinated_primary,886752.2270832069,886752.2270832069,217393.93146120524,59711.33785950876,1845.993488484286,98.85805452040296,245.1574688188592,67.33711631705421,2.081746661698624,0.11148328868096183,older_adult_vax_main,scenario_b,scenario_b,1,1,False,posterior,100.08230858808383,True,False,65.15296590700746,4,626,102136,626,0,6,26
vaccine_eligible,2422262.115417086,2422262.115417086,600479.056799215,184834.22903028945,5077.60304344937,265.61791745609673,247.90011492865185,76.30645249077972,2.096223613097736,0.10965696724789023,older_adult_vax_main,scenario_b,scenario_b,1,1,False,posterior,100.08230858808383,True,False,65.15296590700746,4,626,102136,626,0,6,26
age_60plus,3340114.806503726,3340114.806503726,883267.8254817943,277001.93838593835,5325.921774215936,275.4095500037857,264.4423550238254,82.93186145774757,1.5945325483559827,0.08245511485638762,older_adult_vax_main,scenario_b,scenario_b,1,1,False,posterior,100.08230858808383,True,False,65.15296590700746,4,626,102136,626,0,6,26
all_ages,9997902.388359131,9997902.388359131,4227776.598226872,1473472.4120986413,11480.961574494362,314.8555903630998,422.86636076277404,147.3781554233067,1.1483370339624444,0.031492164869472615,older_adult_vax_main,scenario_b,scenario_b,1,1,False,posterior,100.08230858808383,True,False,65.15296590700746,4,626,102136,626,0,6,26
vaccinated_primary,886770.0427903528,886770.0427903528,217206.18861790124,58150.025846730474,1790.0662019693882,95.87956663690674,244.94082810288663,65.57509054292456,2.01863630433058,0.10812224365993187,older_adult_vax_main,scenario_b,scenario_b,2,2,False,posterior,92.88398827891797,True,False,65.15296590700746,4,626,102136,626,0,6,26
vaccine_eligible,2422280.9108225224,2422280.9108225224,600012.7604488588,183214.95093188746,5019.573647087053,262.5270481659047,247.70568837332553,75.6373672901852,2.0722508379024385,0.10838010033970819,older_adult_vax_main,scenario_b,scenario_b,2,2,False,posterior,92.88398827891797,True,False,65.15296590700746,4,626,102136,626,0,6,26
age_60plus,3340133.444216072,3340133.444216072,882648.5486434505,275299.86397333024,5267.636619607257,272.30815061992485,264.2554746343698,82.4218159457228,1.5770737030668454,0.08152612917051746,older_adult_vax_main,scenario_b,scenario_b,2,2,False,posterior,92.88398827891797,True,False,65.15296590700746,4,626,102136,626,0,6,26
all_ages,9997924.265084581,9997924.265084581,4226543.43063639,1471579.9730252288,11421.522343485718,311.7448949973133,422.7420931159288,147.18854974370817,1.1423893640975777,0.031180961840850268,older_adult_vax_main,scenario_b,scenario_b,2,2,False,posterior,92.88398827891797,True,False,65.15296590700746,4,626,102136,626,0,6,26
vaccinated_primary,886769.377361341,886769.377361341,217199.96856438107,58029.68447568915,1785.4979490906517,95.62726074617353,244.9339976203039,65.43943211972598,2.013486250961389,0.10783780223751153,older_adult_vax_main,scenario_b,scenario_b,3,3,False,posterior,84.99436918785796,True,False,65.15296590700746,4,626,102136,626,0,6,26
vaccine_eligible,2422280.2788672107,2422280.2788672107,599979.3156396111,183094.93033247034,5014.793708324389,262.2630577765419,247.69194583881676,75.58783842227186,2.07027805662092,0.10827114436946592,older_adult_vax_main,scenario_b,scenario_b,3,3,False,posterior,84.99436918785796,True,False,65.15296590700746,4,626,102136,626,0,6,26
age_60plus,3340132.767827772,3340132.767827772,882608.9915426706,275168.6502271972,5262.816021119892,272.04244927587894,264.2436851744274,82.38254864525966,1.5756307868392074,0.08144659754133053,older_adult_vax_main,scenario_b,scenario_b,3,3,False,posterior,84.99436918785796,True,False,65.15296590700746,4,626,102136,626,0,6,26
all_ages,9997923.107649967,9997923.107649967,4226492.410595529,1471445.3410794493,11416.669321627765,311.47897419587855,422.7370389917886,147.17510079203996,1.1419040933503715,0.031154367846412886,older_adult_vax_main,scenario_b,scenario_b,3,3,False,posterior,84.99436918785796,True,False,65.15296590700746,4,626,102136,626,0,6,26
vaccinated_primary,886785.4729780091,886785.4729780091,216968.8414788231,55887.022639214934,1707.7010954202437,91.45121358466592,244.66891721872355,63.02203220755833,1.925720647729411,0.10312664829471532,older_adult_vax_main,scenario_b,scenario_b,4,4,False,posterior,77.22207416198216,True,False,65.15296590700746,4,626,102136,626,0,6,26
vaccine_eligible,2422297.518117374,2422297.518117374,599336.4834385699,180884.47657865792,4933.833996326222,257.91670185044313,247.42480184860958,74.67475618735827,2.0368406273069346,0.10647606246605816,older_adult_vax_main,scenario_b,scenario_b,4,4,False,posterior,77.22207416198216,True,False,65.15296590700746,4,626,102136,626,0,6,26
age_60plus,3340149.6851286264,3340149.6851286264,881772.4151946882,272828.5004445867,5181.43573021402,267.67866162840676,263.991886088402,81.68151914248126,1.5512585418801332,0.08013972033055718,older_adult_vax_main,scenario_b,scenario_b,4,4,False,posterior,77.22207416198216,True,False,65.15296590700746,4,626,102136,626,0,6,26
all_ages,9997941.82756376,9997941.82756376,4224886.496543101,1468864.292344236,11333.804141240922,307.10355866866405,422.5756230042595,146.91666721791282,1.1336137313776187,0.03071667788884277,older_adult_vax_main,scenario_b,scenario_b,4,4,False,posterior,77.22207416198216,True,False,65.15296590700746,4,626,102136,626,0,6,26
vaccinated_primary,886778.8589491502,886778.8589491502,216996.36462645192,56011.85038532493,1711.5218361655539,91.63760324142481,244.70177929545676,63.163267617475725,1.9300435716225124,0.10333760476655603,older_adult_vax_main,scenario_b,scenario_b,5,5,False,posterior,69.40099863312207,True,False,65.15296590700746,4,626,102136,626,0,6,26
vaccine_eligible,2422290.6194089497,2422290.6194089497,599367.4214570072,181015.02493832874,4937.606179515915,258.0999181788333,247.43827873273753,74.72886345177577,2.0384037076115638,0.10655200334376512,older_adult_vax_main,scenario_b,scenario_b,5,5,False,posterior,69.40099863312207,True,False,65.15296590700746,4,626,102136,626,0,6,26
age_60plus,3340142.7944947085,3340142.7944947085,881823.3302337844,272960.9591557242,5185.205504359843,267.8617350800174,264.0076740692714,81.72134425079791,1.552390368731003,0.08019469572424047,older_adult_vax_main,scenario_b,scenario_b,5,5,False,posterior,69.40099863312207,True,False,65.15296590700746,4,626,102136,626,0,6,26
all_ages,9997933.436460113,9997933.436460113,4225022.167390317,1469021.9637050794,11337.713700199054,307.28791585907726,422.58954755416295,146.93256091782945,1.1340057195073012,0.030735143198540458,older_adult_vax_main,scenario_b,scenario_b,5,5,False,posterior,69.40099863312207,True,False,65.15296590700746,4,626,102136,626,0,6,26
vaccinated_primary,886752.2270832069,886752.2270832069,217393.93146120524,59711.33785950876,1845.993488484286,98.85805452040296,245.1574688188592,67.33711631705421,2.081746661698624,0.11148328868096183,older_adult_vax_main,scenario_c,scenario_c,1,1,False,posterior,99.60275752888992,True,False,65.15296590700746,4,626,102136,626,0,6,26
vaccine_eligible,2422262.115417086,2422262.115417086,600479.056799215,184834.22903028945,5077.60304344937,265.61791745609673,247.90011492865185,76.30645249077972,2.096223613097736,0.10965696724789023,older_adult_vax_main,scenario_c,scenario_c,1,1,False,posterior,99.60275752888992,True,False,65.15296590700746,4,626,102136,626,0,6,26
age_60plus,3340114.806503726,3340114.806503726,883267.8254817943,277001.93838593835,5325.921774215936,275.4095500037857,264.4423550238254,82.93186145774757,1.5945325483559827,0.08245511485638762,older_adult_vax_main,scenario_c,scenario_c,1,1,False,posterior,99.60275752888992,True,False,65.15296590700746,4,626,102136,626,0,6,26
all_ages,9997902.388359131,9997902.388359131,4227776.598226872,1473472.4120986413,11480.961574494362,314.8555903630998,422.86636076277404,147.3781554233067,1.1483370339624444,0.031492164869472615,older_adult_vax_main,scenario_c,scenario_c,1,1,False,posterior,99.60275752888992,True,False,65.15296590700746,4,626,102136,626,0,6,26
vaccinated_primary,886770.0427903528,886770.0427903528,217206.18861790124,58150.025846730474,1790.0662019693882,95.87956663690674,244.94082810288663,65.57509054292456,2.01863630433058,0.10812224365993187,older_adult_vax_main,scenario_c,scenario_c,2,2,False,posterior,92.81166187906638,True,False,65.15296590700746,4,626,102136,626,0,6,26
vaccine_eligible,2422280.9108225224,2422280.9108225224,600012.7604488588,183214.95093188746,5019.573647087053,262.5270481659047,247.70568837332553,75.6373672901852,2.0722508379024385,0.10838010033970819,older_adult_vax_main,scenario_c,scenario_c,2,2,False,posterior,92.81166187906638,True,False,65.15296590700746,4,626,102136,626,0,6,26
age_60plus,3340133.444216072,3340133.444216072,882648.5486434505,275299.86397333024,5267.636619607257,272.30815061992485,264.2554746343698,82.4218159457228,1.5770737030668454,0.08152612917051746,older_adult_vax_main,scenario_c,scenario_c,2,2,False,posterior,92.81166187906638,True,False,65.15296590700746,4,626,102136,626,0,6,26
all_ages,9997924.265084581,9997924.265084581,4226543.43063639,1471579.9730252288,11421.522343485718,311.7448949973133,422.7420931159288,147.18854974370817,1.1423893640975777,0.031180961840850268,older_adult_vax_main,scenario_c,scenario_c,2,2,False,posterior,92.81166187906638,True,False,65.15296590700746,4,626,102136,626,0,6,26
vaccinated_primary,886769.3803824716,886769.3803824716,217199.9340639919,58029.38573784056,1785.4871996599607,95.6266866047427,244.93395788013297,65.43909501342047,2.013474122087824,0.1078371544171925,older_adult_vax_main,scenario_c,scenario_c,3,3,False,posterior,85.01468308409676,True,False,65.15296590700746,4,626,102136,626,0,6,26
vaccine_eligible,2422280.282068934,2422280.282068934,599979.2265467662,183094.62132601152,5014.78254560645,262.26246147453287,247.69190873085424,75.58771075394526,2.0702734455333927,0.1082708980525274,older_adult_vax_main,scenario_c,scenario_c,3,3,False,posterior,85.01468308409676,True,False,65.15296590700746,4,626,102136,626,0,6,26
age_60plus,3340132.770992497,3340132.770992497,882608.8740815116,275168.32442839764,5262.8048054168175,272.04185078570276,264.2436497574468,82.38245102653009,1.5756274274848698,0.0814464182826084,older_adult_vax_main,scenario_c,scenario_c,3,3,False,posterior,85.01468308409676,True,False,65.15296590700746,4,626,102136,626,0,6,26
all_ages,9997923.111297263,9997923.111297263,4226492.180443635,1471444.980260522,11416.657892091598,311.478373997311,422.73701581760156,147.1750646489616,1.1419029497427542,0.031154307802722808,older_adult_vax_main,scenario_c,scenario_c,3,3,False,posterior,85.01468308409676,True,False,65.15296590700746,4,626,102136,626,0,6,26
vaccinated_primary,886790.6227723097,886790.6227723097,216900.60923815856,55274.89283486815,1685.5432566705508,90.26403489921306,244.59055347256356,62.3313907651236,1.9007229140528779,0.10178731324089457,older_adult_vax_main,scenario_c,scenario_c,4,4,False,posterior,77.03663784801029,True,False,65.15296590700746,4,626,102136,626,0,6,26
vaccine_eligible,2422303.0128108067,2422303.0128108067,599151.7683397878,180252.0090196789,4910.784697156353,256.6816074774157,247.34798461260237,74.41348504558765,2.0273205586521343,0.10596593659831431,older_adult_vax_main,scenario_c,scenario_c,4,4,False,posterior,77.03663784801029,True,False,65.15296590700746,4,626,102136,626,0,6,26
age_60plus,3340155.091513288,3340155.091513288,881530.6895908344,272159.7796190067,5158.270096655992,266.4387527154174,263.9190892155396,81.48118041300357,1.5443205346249327,0.07976837763982536,older_adult_vax_main,scenario_c,scenario_c,4,4,False,posterior,77.03663784801029,True,False,65.15296590700746,4,626,102136,626,0,6,26
all_ages,9997947.923377795,9997947.923377795,4224413.439340611,1468122.9874304074,11310.195227885113,305.86017419742205,422.52804992740926,146.84243193521294,1.131251664297925,0.030592295193120744,older_adult_vax_main,scenario_c,scenario_c,4,4,False,posterior,77.03663784801029,True,False,65.15296590700746,4,626,102136,626,0,6,26
vaccinated_primary,886813.2379152839,886813.2379152839,216062.267588521,50733.732532201604,1519.530592903075,81.31032783531342,243.6389741953324,57.20903834438265,1.713473060545623,0.09168822065225067,older_adult_vax_main,scenario_c,scenario_c,5,5,False,posterior,35.54694983898662,True,False,65.15296590700746,4,626,102136,626,0,6,26
vaccine_eligible,2422327.064366129,2422327.064366129,597296.1498045259,175527.40216310037,4736.646403812122,247.29095778346425,246.57948077743393,72.46230484116401,1.9554115847900995,0.10208817852108462,older_adult_vax_main,scenario_c,scenario_c,5,5,False,posterior,35.54694983898662,True,False,65.15296590700746,4,626,102136,626,0,6,26
age_60plus,3340179.2023775596,3340179.2023775596,879201.4487947146,267132.2498165215,4983.150251003621,257.0074329936188,263.2198440637238,79.97542455996826,1.4918811084915997,0.07694420491292185,older_adult_vax_main,scenario_c,scenario_c,5,5,False,posterior,35.54694983898662,True,False,65.15296590700746,4,626,102136,626,0,6,26
all_ages,9997973.607460242,9997973.607460242,4220023.1957668,1462438.3798887404,11131.02754258822,296.3984205945783,422.08785114394806,146.27347873748184,1.1133283582867752,0.02964584947227837,older_adult_vax_main,scenario_c,scenario_c,5,5,False,posterior,35.54694983898662,True,False,65.15296590700746,4,626,102136,626,0,6,26
